Cluster,ID,Description,GeneRatio,BgRatio,pvalue,p.adjust,qvalue,geneID,Count
up,GO:0009685,gibberellin metabolic process,22/2126,61/20876,5.8081853048372165e-8,5.345768599441274e-5,5.019187770365082e-5,AT1G77950/AT3G26790/AT5G07200/AT4G27150/AT5G51810/AT1G17010/AT4G02780/AT4G24150/AT1G05160/AT1G67100/AT3G56350/AT5G10120/AT5G13790/AT4G21200/AT1G12610/AT3G24650/AT1G47990/AT1G72570/AT1G79460/AT3G54510/AT1G68320/AT2G32460,22
up,GO:0006721,terpenoid metabolic process,60/2126,290/20876,7.043173385298121e-8,5.345768599441274e-5,5.019187770365082e-5,AT1G54860/AT1G77950/AT3G26790/AT1G78390/AT2G21490/AT5G07200/AT4G27150/AT5G51810/AT2G34490/AT1G17010/AT4G02780/AT4G24150/AT5G44310/AT2G23240/AT4G32810/AT4G10020/AT2G28420/AT1G05160/AT3G02590/AT2G34860/AT3G24430/AT5G04220/AT4G16740/AT1G67100/AT1G12800/AT4G14210/AT1G80030/AT3G56350/AT5G23120/AT2G43710/AT4G30950/AT5G44630/AT3G03660/AT1G30100/AT2G27680/AT5G51760/AT1G78500/AT1G68250/AT5G10120/AT4G14070/AT5G13790/AT4G21200/AT5G11100/AT1G12610/AT5G48230/AT3G24650/AT1G47990/AT3G22500/AT1G72570/AT1G79460/AT5G63910/AT3G54510/AT5G23960/AT2G17370/AT3G52940/AT5G47720/AT1G68320/AT2G44990/AT1G02700/AT2G32460,60
up,GO:0016101,diterpenoid metabolic process,22/2126,64/20876,1.558551526435591e-7,7.88627072376409e-5,7.404486901030843e-5,AT1G77950/AT3G26790/AT5G07200/AT4G27150/AT5G51810/AT1G17010/AT4G02780/AT4G24150/AT1G05160/AT1G67100/AT3G56350/AT5G10120/AT5G13790/AT4G21200/AT1G12610/AT3G24650/AT1G47990/AT1G72570/AT1G79460/AT3G54510/AT1G68320/AT2G32460,22
up,GO:0010431,seed maturation,43/2126,187/20876,2.4360506700337886e-7,9.244812292778227e-5,8.680033176909868e-5,AT1G78390/AT5G45830/AT3G27660/AT5G44120/AT2G27380/AT5G49190/AT1G07430/AT1G03890/AT3G13960/AT4G26740/AT4G02280/AT5G07190/AT3G15670/AT5G40420/AT5G57390/AT5G52920/AT5G01300/AT2G31980/AT2G34710/AT1G74670/AT2G41280/AT2G40220/AT1G30100/AT5G51760/AT4G28520/AT5G13790/AT3G21720/AT2G30470/AT1G48270/AT1G48410/AT4G25140/AT3G24440/AT1G76500/AT5G20320/AT2G45190/AT2G13540/AT1G70910/AT5G13480/AT1G28300/AT2G06510/AT1G20650/AT5G27540/AT5G12410,43
up,GO:0016114,terpenoid biosynthetic process,54/2126,265/20876,5.185926778744191e-7,1.5704450161597926e-4,1.4745042312463486e-4,AT1G54860/AT1G77950/AT3G26790/AT1G78390/AT2G21490/AT5G07200/AT4G27150/AT5G51810/AT2G34490/AT1G17010/AT4G02780/AT4G24150/AT5G44310/AT2G23240/AT4G10020/AT2G28420/AT1G05160/AT3G02590/AT2G34860/AT3G24430/AT5G04220/AT4G16740/AT1G67100/AT1G12800/AT4G14210/AT1G80030/AT3G56350/AT5G23120/AT2G43710/AT4G30950/AT5G44630/AT3G03660/AT1G30100/AT2G27680/AT5G51760/AT1G78500/AT1G68250/AT5G10120/AT4G14070/AT5G11100/AT1G12610/AT5G48230/AT3G24650/AT3G22500/AT1G72570/AT1G79460/AT3G54510/AT5G23960/AT2G17370/AT3G52940/AT5G47720/AT1G68320/AT1G02700/AT2G32460,54
up,GO:0009686,gibberellin biosynthetic process,19/2126,54/20876,7.181220883874604e-7,1.5704450161597926e-4,1.4745042312463486e-4,AT1G77950/AT3G26790/AT5G07200/AT4G27150/AT5G51810/AT1G17010/AT4G02780/AT4G24150/AT1G05160/AT1G67100/AT3G56350/AT5G10120/AT1G12610/AT3G24650/AT1G72570/AT1G79460/AT3G54510/AT1G68320/AT2G32460,19
up,GO:0019915,lipid storage,28/2126,102/20876,7.241841312989821e-7,1.5704450161597926e-4,1.4745042312463486e-4,AT3G22640/AT4G27160/AT3G27660/AT2G27380/AT1G48990/AT3G18570/AT5G61610/AT5G51210/AT4G26740/AT5G40420/AT5G57390/AT3G01570/AT2G28420/AT2G34710/AT4G18550/AT2G40220/AT5G51760/AT4G28520/AT4G25140/AT3G24440/AT1G76500/AT5G20320/AT2G13540/AT5G13480/AT5G07510/AT2G06510/AT5G27540/AT5G12410,28
up,GO:0016102,diterpenoid biosynthetic process,19/2126,55/20876,9.928318731224593e-7,1.8838984792498664e-4,1.7688083634313288e-4,AT1G77950/AT3G26790/AT5G07200/AT4G27150/AT5G51810/AT1G17010/AT4G02780/AT4G24150/AT1G05160/AT1G67100/AT3G56350/AT5G10120/AT1G12610/AT3G24650/AT1G72570/AT1G79460/AT3G54510/AT1G68320/AT2G32460,19
up,GO:0051235,maintenance of location,29/2126,115/20876,3.066744130146629e-6,5.172575099513981e-4,4.8565749148754805e-4,AT3G22640/AT4G27160/AT3G27660/AT2G27380/AT1G48990/AT3G18570/AT5G61610/AT5G51210/AT4G26740/AT5G40420/AT5G57390/AT3G01570/AT2G28420/AT2G34710/AT4G18550/AT2G40220/AT5G51760/AT4G28520/AT4G25140/AT3G24440/AT2G01770/AT1G76500/AT5G20320/AT2G13540/AT5G13480/AT5G07510/AT2G06510/AT5G27540/AT5G12410,29
up,GO:0010162,seed dormancy process,35/2126,159/20876,8.703618201840057e-6,0.0012010993118539278,0.0011277223966786065,AT1G78390/AT5G45830/AT3G27660/AT5G44120/AT2G27380/AT1G07430/AT3G13960/AT4G26740/AT5G07190/AT3G15670/AT5G40420/AT5G57390/AT5G01300/AT2G31980/AT2G34710/AT1G74670/AT2G41280/AT2G40220/AT1G30100/AT5G51760/AT4G28520/AT3G21720/AT1G48270/AT4G25140/AT3G24440/AT1G76500/AT5G20320/AT2G45190/AT2G13540/AT1G70910/AT5G13480/AT2G06510/AT1G20650/AT5G27540/AT5G12410,35
up,GO:0022611,dormancy process,35/2126,159/20876,8.703618201840057e-6,0.0012010993118539278,0.0011277223966786065,AT1G78390/AT5G45830/AT3G27660/AT5G44120/AT2G27380/AT1G07430/AT3G13960/AT4G26740/AT5G07190/AT3G15670/AT5G40420/AT5G57390/AT5G01300/AT2G31980/AT2G34710/AT1G74670/AT2G41280/AT2G40220/AT1G30100/AT5G51760/AT4G28520/AT3G21720/AT1G48270/AT4G25140/AT3G24440/AT1G76500/AT5G20320/AT2G45190/AT2G13540/AT1G70910/AT5G13480/AT2G06510/AT1G20650/AT5G27540/AT5G12410,35
up,GO:0009943,adaxial/abaxial axis specification,21/2126,81/20876,4.368454631684857e-5,0.005526095109081344,0.00518849786956254,AT3G07540/AT2G28610/AT3G24660/AT1G30490/AT5G55250/AT2G34710/AT5G10510/AT5G17980/AT2G31160/AT1G54200/AT3G02210/AT4G36260/AT4G08150/AT1G32190/AT2G45190/AT1G69180/AT3G43920/AT1G68320/AT4G30520/AT2G27990/AT1G23420,21
up,GO:0009955,adaxial/abaxial pattern specification,22/2126,88/20876,5.300113738482527e-5,0.006087124727691017,0.005715253367515177,AT3G07540/AT2G28610/AT3G24660/AT1G30490/AT5G55250/AT2G34710/AT5G10510/AT5G17980/AT2G31160/AT1G54200/AT3G02210/AT1G48410/AT4G36260/AT4G08150/AT1G32190/AT2G45190/AT1G69180/AT3G43920/AT1G68320/AT4G30520/AT2G27990/AT1G23420,22
up,GO:0009739,response to gibberellin,34/2126,166/20876,5.613949024220964e-5,0.006087124727691017,0.005715253367515177,AT1G77950/AT4G09600/AT4G09610/AT4G27150/AT5G51810/AT1G07430/AT2G14900/AT1G17010/AT5G61420/AT4G02780/AT4G24150/AT1G74670/AT4G19700/AT1G67100/AT3G56350/AT5G61850/AT4G35390/AT2G45900/AT5G10120/AT1G69530/AT5G48170/AT3G24650/AT3G13890/AT1G48270/AT4G36260/AT1G79460/AT3G54510/AT1G74650/AT5G65790/AT1G50420/AT1G20650/AT4G25000/AT3G50500/AT2G32460,34
up,GO:0050826,response to freezing,23/2126,96/20876,7.397720807059655e-5,0.007486493456744371,0.0070291326124622975,AT3G22640/AT4G27160/AT3G27660/AT2G27380/AT4G26740/AT5G40420/AT5G57390/AT3G01570/AT2G28420/AT2G34710/AT2G40220/AT5G51760/AT4G28520/AT1G12610/AT4G25140/AT3G24440/AT1G76500/AT5G20320/AT2G13540/AT5G13480/AT2G06510/AT5G27540/AT5G12410,23
up,GO:0009944,polarity specification of adaxial/abaxial axis,20/2126,79/20876,9.448890887441737e-5,0.008964635229460349,0.00841697254052376,AT3G07540/AT3G24660/AT1G30490/AT5G55250/AT2G34710/AT5G10510/AT5G17980/AT2G31160/AT1G54200/AT3G02210/AT4G36260/AT4G08150/AT1G32190/AT2G45190/AT1G69180/AT3G43920/AT1G68320/AT4G30520/AT2G27990/AT1G23420,20
up,GO:0009798,axis specification,22/2126,92/20876,1.0834292071775192e-4,0.009674385508796906,0.0090833631363366,AT3G07540/AT2G28610/AT3G24660/AT1G30490/AT5G55250/AT2G34710/AT5G10510/AT5G17980/AT2G31160/AT5G59340/AT1G54200/AT3G02210/AT4G36260/AT4G08150/AT1G32190/AT2G45190/AT1G69180/AT3G43920/AT1G68320/AT4G30520/AT2G27990/AT1G23420,22
up,GO:0065001,specification of axis polarity,20/2126,81/20876,1.371435936140482e-4,0.011310862601303115,0.010619865447725136,AT3G07540/AT3G24660/AT1G30490/AT5G55250/AT2G34710/AT5G10510/AT5G17980/AT2G31160/AT1G54200/AT3G02210/AT4G36260/AT4G08150/AT1G32190/AT2G45190/AT1G69180/AT3G43920/AT1G68320/AT4G30520/AT2G27990/AT1G23420,20
up,GO:0009933,meristem structural organization,46/2126,260/20876,1.4157206154463714e-4,0.011310862601303115,0.010619865447725136,AT3G27660/AT2G27380/AT3G13300/AT3G07540/AT2G27040/AT3G24660/AT4G26740/AT1G30490/AT5G40420/AT5G57390/AT2G34710/AT2G40220/AT5G10510/AT3G15170/AT1G76420/AT1G30950/AT2G43800/AT5G51760/AT5G17980/AT4G28520/AT4G24190/AT2G31160/AT1G54200/AT5G13570/AT3G02210/AT1G48410/AT4G25140/AT4G36260/AT3G24440/AT4G08150/AT1G32190/AT1G76500/AT3G20010/AT5G20320/AT2G45190/AT2G02480/AT2G13540/AT5G13480/AT3G43920/AT2G06510/AT1G68320/AT2G35110/AT4G30520/AT2G27990/AT5G27540/AT5G12410,46
up,GO:0010262,somatic embryogenesis,6/2126,10/20876,1.6188263755887125e-4,0.011872093408416207,0.011146809843281008,AT3G26790/AT1G21970/AT5G13790/AT3G54420/AT1G28300/AT3G62100,6
up,GO:0009740,gibberellic acid mediated signaling pathway,20/2126,82/20876,1.64238446361489e-4,0.011872093408416207,0.011146809843281008,AT1G77950/AT4G27150/AT1G07430/AT1G17010/AT4G02780/AT4G24150/AT1G74670/AT1G67100/AT3G56350/AT5G61850/AT4G35390/AT5G10120/AT5G48170/AT3G24650/AT1G48270/AT4G36260/AT1G79460/AT3G54510/AT1G20650/AT2G32460,20
up,GO:0010476,gibberellin mediated signaling pathway,20/2126,83/20876,1.9593301780213712e-4,0.01343888380323024,0.012617882719349383,AT1G77950/AT4G27150/AT1G07430/AT1G17010/AT4G02780/AT4G24150/AT1G74670/AT1G67100/AT3G56350/AT5G61850/AT4G35390/AT5G10120/AT5G48170/AT3G24650/AT1G48270/AT4G36260/AT1G79460/AT3G54510/AT1G20650/AT2G32460,20
up,GO:0048532,anatomical structure arrangement,46/2126,264/20876,2.0361945156409454e-4,0.01343888380323024,0.012617882719349383,AT3G27660/AT2G27380/AT3G13300/AT3G07540/AT2G27040/AT3G24660/AT4G26740/AT1G30490/AT5G40420/AT5G57390/AT2G34710/AT2G40220/AT5G10510/AT3G15170/AT1G76420/AT1G30950/AT2G43800/AT5G51760/AT5G17980/AT4G28520/AT4G24190/AT2G31160/AT1G54200/AT5G13570/AT3G02210/AT1G48410/AT4G25140/AT4G36260/AT3G24440/AT4G08150/AT1G32190/AT1G76500/AT3G20010/AT5G20320/AT2G45190/AT2G02480/AT2G13540/AT5G13480/AT3G43920/AT2G06510/AT1G68320/AT2G35110/AT4G30520/AT2G27990/AT5G27540/AT5G12410,46
up,GO:0071370,cellular response to gibberellin stimulus,20/2126,85/20876,2.757771179168544e-4,0.017442902708241042,0.016377290248220214,AT1G77950/AT4G27150/AT1G07430/AT1G17010/AT4G02780/AT4G24150/AT1G74670/AT1G67100/AT3G56350/AT5G61850/AT4G35390/AT5G10120/AT5G48170/AT3G24650/AT1G48270/AT4G36260/AT1G79460/AT3G54510/AT1G20650/AT2G32460,20
up,GO:0080167,response to karrikin,26/2126,128/20876,4.5714814715166525e-4,0.027210146878693064,0.025547839174641436,AT1G06520/AT2G29980/AT5G51810/AT3G57520/AT2G34650/AT1G23010/AT3G21560/AT4G01970/AT4G33980/AT2G39980/AT1G74670/AT3G44720/AT5G07480/AT2G23910/AT3G22840/AT2G37040/AT5G10120/AT5G59340/AT2G40080/AT5G42900/AT1G61890/AT3G61220/AT5G53660/AT5G59800/AT1G17200/AT4G37370,26
up,GO:0009845,seed germination,41/2126,236/20876,4.660499465388799e-4,0.027210146878693064,0.025547839174641436,AT3G22640/AT4G27160/AT3G27660/AT2G27380/AT1G07430/AT3G13960/AT4G26740/AT5G07190/AT5G40420/AT4G32551/AT5G57390/AT3G01570/AT2G28420/AT2G34710/AT4G18550/AT3G06500/AT2G40220/AT3G22840/AT1G09970/AT1G03790/AT5G51760/AT5G56300/AT4G28520/AT1G18100/AT2G30470/AT1G48270/AT4G25140/AT3G24440/AT5G39340/AT1G76500/AT3G07130/AT5G20320/AT2G45190/AT2G13540/AT5G13480/AT2G06510/AT3G50500/AT5G27540/AT3G22942/AT5G12410/AT2G01830,41
up,GO:0009887,animal organ morphogenesis,24/2126,115/20876,4.93047092592276e-4,0.027720203205743518,0.026026735414032814,AT3G07540/AT5G17430/AT3G23130/AT4G32551/AT5G57390/AT5G10510/AT3G15170/AT5G65510/AT5G11100/AT3G48190/AT1G48410/AT1G72570/AT4G36260/AT4G08150/AT2G45190/AT2G02480/AT2G13540/AT3G43920/AT1G58340/AT4G37720/AT4G30520/AT2G27990/AT5G33300/AT1G70510,24
up,GO:0048609,multicellular organismal reproductive process,62/2126,401/20876,5.658692061295662e-4,0.030678194818024338,0.028804018988700476,AT1G78390/AT5G45830/AT1G06520/AT3G27660/AT5G44120/AT2G27380/AT5G49190/AT1G07430/AT1G03890/AT3G13960/AT4G26740/AT4G02280/AT5G07190/AT3G15670/AT5G40420/AT4G32551/AT5G57390/AT5G52920/AT5G01300/AT5G01370/AT4G27660/AT2G31980/AT2G34710/AT1G74670/AT2G41280/AT2G40220/AT2G44810/AT1G30100/AT5G51760/AT4G28520/AT3G50310/AT1G48580/AT5G13790/AT3G21720/AT2G30470/AT4G35560/AT3G13890/AT1G24520/AT1G48270/AT4G02820/AT1G48410/AT4G30870/AT5G57800/AT4G25140/AT2G16570/AT3G24440/AT3G19210/AT5G27630/AT1G76500/AT5G20320/AT2G45190/AT2G13540/AT1G70910/AT5G13480/AT1G28300/AT2G06510/AT1G20650/AT5G45140/AT5G27540/AT5G53800/AT1G17420/AT5G12410,62
up,GO:0010876,lipid localization,43/2126,254/20876,6.017422034864786e-4,0.03149809189284395,0.0295738273510233,AT3G22640/AT4G27160/AT4G27170/AT3G27660/AT5G38180/AT5G54740/AT4G27150/AT2G27380/AT1G48990/AT5G38195/AT3G51590/AT3G18570/AT5G61610/AT5G51210/AT4G26740/AT5G40420/AT5G57390/AT3G01570/AT2G28420/AT5G64080/AT2G34710/AT4G18550/AT2G40220/AT1G73550/AT4G36760/AT5G51760/AT4G28520/AT4G12360/AT3G18280/AT4G12520/AT1G48750/AT4G25140/AT3G24440/AT5G27630/AT1G76500/AT5G20320/AT2G13540/AT5G13480/AT5G07510/AT2G06510/AT5G27540/AT1G71960/AT5G12410,43
up,GO:0090351,seedling development,42/2126,247/20876,6.309025834550328e-4,0.031559383131387536,0.029631374218083855,AT3G22640/AT4G27160/AT3G27660/AT2G27380/AT1G07430/AT3G13960/AT4G26740/AT5G07190/AT5G40420/AT4G32551/AT5G57390/AT3G01570/AT2G28420/AT2G34710/AT4G18550/AT3G06500/AT2G40220/AT3G22840/AT1G09970/AT1G03790/AT5G51760/AT5G56300/AT4G28520/AT1G18100/AT2G30470/AT1G48270/AT3G10160/AT4G25140/AT3G24440/AT5G39340/AT1G76500/AT3G07130/AT5G20320/AT2G45190/AT2G13540/AT5G13480/AT2G06510/AT3G50500/AT5G27540/AT3G22942/AT5G12410/AT2G01830,42
up,GO:0032504,multicellular organism reproduction,65/2126,427/20876,6.444933314051474e-4,0.031559383131387536,0.029631374218083855,AT1G78390/AT5G45830/AT1G06520/AT3G27660/AT5G44120/AT2G27380/AT5G49190/AT1G07430/AT1G03890/AT3G13960/AT4G26740/AT4G02280/AT5G07190/AT3G15670/AT5G40420/AT4G32551/AT5G57390/AT5G52920/AT5G01300/AT5G01370/AT4G27660/AT2G31980/AT2G34710/AT1G74670/AT2G41280/AT2G40220/AT2G44810/AT1G30100/AT5G51760/AT4G28520/AT3G50310/AT1G48580/AT5G13790/AT3G21720/AT2G30470/AT4G35560/AT4G14970/AT3G13890/AT1G24520/AT1G48270/AT3G48190/AT4G02820/AT1G48410/AT4G30870/AT5G57800/AT4G25140/AT2G16570/AT3G24440/AT3G19210/AT5G27630/AT1G76500/AT5G20320/AT2G45190/AT2G13540/AT1G70910/AT5G13480/AT1G28300/AT2G06510/AT1G20650/AT5G45140/AT5G27540/AT5G53800/AT1G17420/AT5G12410/AT1G70510,65
up,GO:0009624,response to nematode,18/2126,80/20876,9.606418038040491e-4,0.04497930482346175,0.04223145324940517,AT5G46040/AT2G39350/AT2G47260/AT2G21050/AT2G41560/AT3G22910/AT1G59740/AT3G63380/AT3G51870/AT5G53550/AT1G27770/AT2G40460/AT1G58340/AT1G77140/AT2G18150/AT2G36910/AT3G43790/AT1G33440,18
up,GO:0019374,galactolipid metabolic process,21/2126,100/20876,9.899480704594692e-4,0.04497930482346175,0.04223145324940517,AT5G49190/AT1G73220/AT3G43110/AT1G73010/AT4G02280/AT1G30500/AT1G69930/AT3G03790/AT1G02310/AT4G23000/AT2G11810/AT3G54950/AT4G31860/AT4G12250/AT2G45570/AT4G04490/AT4G24890/AT1G12640/AT1G04920/AT1G73170/AT3G03610,21
up,GO:0048831,regulation of shoot system development,60/2126,394/20876,0.0010074416100116597,0.04497930482346175,0.04223145324940517,AT3G27660/AT2G27380/AT4G21030/AT2G27040/AT3G13960/AT4G26740/AT5G65070/AT5G65080/AT1G23000/AT5G40420/AT4G32551/AT5G57390/AT1G68800/AT2G34710/AT4G28190/AT5G15840/AT5G11320/AT2G27550/AT2G40220/AT5G10510/AT2G45210/AT2G17770/AT5G51760/AT4G28520/AT5G13790/AT3G54720/AT5G48170/AT2G40080/AT1G21880/AT4G31820/AT1G26310/AT3G02210/AT5G11530/AT4G25140/AT3G20740/AT3G24440/AT5G39340/AT1G76500/AT2G07170/AT5G20320/AT2G45190/AT2G13540/AT5G13480/AT1G68640/AT1G69180/AT3G54340/AT2G06510/AT5G44190/AT3G50870/AT1G33410/AT1G66400/AT4G32540/AT5G27540/AT1G15040/AT5G17690/AT2G31880/AT5G42400/AT1G13030/AT5G12410/AT2G01830,60
up,GO:0010073,meristem maintenance,46/2126,285/20876,0.0011280875952754009,0.04892677056080168,0.04593776252640279,AT2G02130/AT3G07540/AT2G27040/AT1G23010/AT3G24660/AT4G36360/AT1G30490/AT2G25880/AT1G13710/AT2G34710/AT1G70370/AT4G28190/AT5G63780/AT2G21050/AT2G42840/AT5G10510/AT5G61850/AT1G04680/AT1G76420/AT2G23950/AT2G43800/AT3G19820/AT1G49580/AT5G17980/AT5G65510/AT4G24190/AT2G31160/AT1G54200/AT1G69420/AT1G26310/AT5G11530/AT1G48410/AT1G32190/AT1G67710/AT3G20010/AT5G09970/AT5G13480/AT1G69180/AT4G28980/AT3G43920/AT1G68320/AT4G30520/AT2G27990/AT1G33410/AT5G03150/AT5G12410,46
down,GO:0015706,nitrate transport,36/1259,206/20876,7.3491027982963395e-9,6.780585857671961e-6,5.7441705051454915e-6,AT3G21710/AT3G49940/AT3G16460/AT2G01890/AT5G27350/AT2G44490/AT2G32270/AT5G40890/AT1G67030/AT4G40080/AT1G29280/AT5G48000/AT1G70410/AT4G25090/AT1G16390/AT1G22500/AT1G03850/AT1G52200/AT4G01700/AT5G06300/AT4G30190/AT4G13660/AT4G30170/AT1G78130/AT5G17330/AT2G43820/AT5G64120/AT1G77330/AT5G44610/AT2G34830/AT1G68880/AT2G47160/AT4G19690/AT5G10190/AT5G63590/AT5G44380,36
down,GO:0015698,inorganic anion transport,41/1259,256/20876,9.556851103131729e-9,6.780585857671961e-6,5.7441705051454915e-6,AT3G21710/AT3G49940/AT3G16460/AT2G01890/AT5G27350/AT2G44490/AT2G32270/AT5G40890/AT1G67030/AT4G40080/AT1G29280/AT5G48000/AT1G70410/AT4G25090/AT1G16390/AT3G21510/AT1G22500/AT1G03850/AT1G52200/AT4G01700/AT5G06300/AT2G01830/AT4G30190/AT4G13660/AT4G30170/AT1G78130/AT5G17330/AT2G43820/AT1G30400/AT5G64120/AT1G77330/AT4G19030/AT5G49890/AT5G44610/AT2G34830/AT1G68880/AT2G47160/AT4G19690/AT5G10190/AT5G63590/AT5G44380,41
down,GO:0010167,response to nitrate,34/1259,197/20876,2.6332456742595615e-8,1.2455252039247725e-5,1.0551461614050595e-5,AT3G21710/AT3G49940/AT3G16460/AT2G01890/AT5G27350/AT2G44490/AT2G32270/AT5G40890/AT1G67030/AT4G40080/AT1G29280/AT5G48000/AT1G70410/AT4G25090/AT1G22500/AT1G03850/AT4G24020/AT1G52200/AT4G01700/AT5G06300/AT4G30190/AT4G13660/AT4G30170/AT5G17330/AT2G43820/AT5G64120/AT1G77330/AT5G44610/AT2G34830/AT1G68880/AT2G47160/AT4G19690/AT5G63590/AT5G44380,34
down,GO:0009070,serine family amino acid biosynthetic process,35/1259,209/20876,3.6325657866520956e-8,1.2886527128148309e-5,1.0916816127254456e-5,AT3G26520/AT3G13110/AT3G53420/AT4G23670/AT3G26450/AT1G62380/AT3G23810/AT4G38970/AT1G31330/AT1G67740/AT5G13120/AT3G47470/AT2G22330/AT2G30520/AT2G05520/AT1G31812/AT1G17745/AT1G54780/AT1G06680/AT1G12090/AT5G15230/AT4G27440/AT2G24270/AT5G18690/AT5G66570/AT4G38770/AT4G10340/AT5G64040/AT2G23610/AT2G35940/AT3G01690/AT1G44575/AT1G55260/AT3G04940/AT3G11280,35
down,GO:0019344,cysteine biosynthetic process,34/1259,205/20876,7.230378226463174e-8,1.6260619633136776e-5,1.3775177197464634e-5,AT3G26520/AT3G13110/AT3G53420/AT4G23670/AT3G26450/AT1G62380/AT3G23810/AT4G38970/AT1G31330/AT1G67740/AT5G13120/AT3G47470/AT2G22330/AT2G30520/AT2G05520/AT1G31812/AT1G54780/AT1G06680/AT1G12090/AT5G15230/AT4G27440/AT2G24270/AT5G18690/AT5G66570/AT4G38770/AT4G10340/AT5G64040/AT2G23610/AT2G35940/AT3G01690/AT1G44575/AT1G55260/AT3G04940/AT3G11280,34
down,GO:0009735,response to cytokinin,40/1259,266/20876,8.562443145347092e-8,1.6260619633136776e-5,1.3775177197464634e-5,AT3G09260/AT1G16880/AT3G48100/AT3G26450/AT1G62380/AT2G18300/AT1G67030/AT4G09650/AT5G25220/AT1G10470/AT1G66270/AT3G04280/AT3G21510/AT4G37790/AT3G16360/AT1G03850/AT5G62920/AT3G14420/AT3G57040/AT5G43700/AT3G54640/AT5G20630/AT3G59940/AT1G74660/AT4G01850/AT4G29720/AT2G01830/AT3G32980/AT4G18480/AT3G62670/AT3G49010/AT2G37270/AT2G28160/AT3G02180/AT1G74890/AT4G19690/AT3G49120/AT1G71930/AT2G25810/AT1G13430,40
down,GO:0006534,cysteine metabolic process,34/1259,207/20876,9.216333018301716e-8,1.6260619633136776e-5,1.3775177197464634e-5,AT3G26520/AT3G13110/AT3G53420/AT4G23670/AT3G26450/AT1G62380/AT3G23810/AT4G38970/AT1G31330/AT1G67740/AT5G13120/AT3G47470/AT2G22330/AT2G30520/AT2G05520/AT1G31812/AT1G54780/AT1G06680/AT1G12090/AT5G15230/AT4G27440/AT2G24270/AT5G18690/AT5G66570/AT4G38770/AT4G10340/AT5G64040/AT2G23610/AT2G35940/AT3G01690/AT1G44575/AT1G55260/AT3G04940/AT3G11280,34
down,GO:0009753,response to jasmonic acid,59/1259,474/20876,9.997575153219681e-8,1.6260619633136776e-5,1.3775177197464634e-5,AT5G60890/AT5G03280/AT5G14740/AT3G48090/AT2G44490/AT5G40460/AT4G21440/AT1G17750/AT5G57150/AT1G28480/AT4G34710/AT1G32640/AT2G34810/AT3G57130/AT1G18710/AT4G02380/AT4G09650/AT2G35930/AT3G52430/AT4G10390/AT1G70700/AT2G26690/AT3G45140/AT4G38620/AT3G46590/AT2G24850/AT2G22540/AT1G56650/AT1G06680/AT3G54640/AT2G06050/AT3G23240/AT2G46370/AT4G01060/AT1G51360/AT5G66570/AT2G25000/AT1G33600/AT3G05800/AT1G55020/AT2G20570/AT2G31180/AT1G74100/AT5G61420/AT5G18860/AT2G41370/AT1G28290/AT1G70480/AT3G23050/AT5G39610/AT5G20900/AT5G64810/AT3G17860/AT3G01530/AT1G28190/AT1G06160/AT3G09940/AT5G27320/AT4G08500,59
down,GO:0009414,response to water deprivation,54/1259,418/20876,1.0313289407909161e-7,1.6260619633136776e-5,1.3775177197464634e-5,AT1G47128/AT5G26990/AT2G37170/AT5G57660/AT3G30775/AT3G53420/AT1G08930/AT2G38750/AT4G21440/AT1G08920/AT1G28480/AT4G34710/AT1G32640/AT5G56030/AT3G25760/AT2G36830/AT4G02380/AT5G08120/AT2G27310/AT3G21780/AT4G30960/AT3G22160/AT2G35930/AT1G20450/AT2G05520/AT3G45140/AT2G24850/AT4G24020/AT5G49630/AT2G06050/AT2G43020/AT3G61890/AT5G13820/AT2G01830/AT1G02730/AT3G52450/AT2G34500/AT3G05740/AT5G63850/AT4G28680/AT1G74100/AT5G47100/AT3G08770/AT3G10060/AT3G23050/AT5G39610/AT2G42620/AT5G65020/AT5G50720/AT1G54160/AT1G16060/AT5G25610/AT3G09940/AT5G20830,54
down,GO:0009308,amine metabolic process,36/1259,229/20876,1.217490059784582e-7,1.7276183948343217e-5,1.4635512087094659e-5,AT5G60890/AT3G13110/AT3G25730/AT1G08930/AT2G46330/AT2G44490/AT3G14310/AT4G34710/AT1G56430/AT1G32640/AT2G36830/AT5G46790/AT4G37940/AT2G22330/AT2G05520/AT3G56240/AT4G38620/AT1G09240/AT5G05590/AT1G17745/AT1G52200/AT1G31710/AT3G54640/AT2G06050/AT1G67110/AT5G60710/AT2G43020/AT4G29740/AT1G74100/AT4G30530/AT5G38450/AT1G66200/AT4G14580/AT1G20700/AT4G12060/AT3G63440,36
down,GO:0000041,transition metal ion transport,36/1259,231/20876,1.5207924546259186e-7,1.81146795460674e-5,1.5345843285938186e-5,AT3G21710/AT3G53420/AT3G04570/AT1G13300/AT2G32270/AT5G40890/AT1G67030/AT5G44790/AT1G29280/AT5G48000/AT5G23830/AT4G25090/AT3G21510/AT5G26280/AT4G22212/AT3G12090/AT2G19110/AT4G28890/AT5G06300/AT4G13660/AT4G30170/AT5G66690/AT5G17330/AT3G01220/AT3G26470/AT1G77330/AT2G29410/AT5G44610/AT2G34830/AT1G68880/AT2G28160/AT5G59930/AT2G47160/AT4G19690/AT5G63590/AT4G17800,36
down,GO:0009611,response to wounding,46/1259,335/20876,1.5318967903651078e-7,1.81146795460674e-5,1.5345843285938186e-5,AT5G03280/AT4G21440/AT1G17750/AT1G62380/AT1G28480/AT4G34710/AT1G32640/AT2G34810/AT4G02380/AT3G21780/AT4G36640/AT2G22330/AT4G10390/AT1G70700/AT2G26690/AT3G45140/AT3G56240/AT1G78680/AT4G38620/AT2G24850/AT1G55480/AT1G52200/AT1G04220/AT1G31710/AT2G06050/AT2G46370/AT2G16900/AT2G23810/AT4G13660/AT1G76690/AT1G55020/AT4G28680/AT1G74100/AT3G61060/AT5G18860/AT3G23050/AT5G20900/AT1G72300/AT3G17860/AT5G43580/AT3G21240/AT1G06160/AT3G44540/AT3G09940/AT1G26630/AT4G08500,46
down,GO:0009963,positive regulation of flavonoid biosynthetic process,22/1259,103/20876,1.6871279207988537e-7,1.841565015087364e-5,1.5600810409330293e-5,AT1G13260/AT3G48100/AT1G28570/AT5G13180/AT5G04930/AT1G32640/AT5G46780/AT3G01860/AT1G10470/AT5G20700/AT3G56240/AT1G17745/AT5G40450/AT3G23000/AT3G19010/AT4G13660/AT2G23610/AT2G35940/AT5G20900/AT2G30930/AT3G21240/AT1G61660,22
down,GO:0009415,response to water,54/1259,426/20876,1.9239427568763682e-7,1.9500534085768334e-5,1.6519869386111373e-5,AT1G47128/AT5G26990/AT2G37170/AT5G57660/AT3G30775/AT3G53420/AT1G08930/AT2G38750/AT4G21440/AT1G08920/AT1G28480/AT4G34710/AT1G32640/AT5G56030/AT3G25760/AT2G36830/AT4G02380/AT5G08120/AT2G27310/AT3G21780/AT4G30960/AT3G22160/AT2G35930/AT1G20450/AT2G05520/AT3G45140/AT2G24850/AT4G24020/AT5G49630/AT2G06050/AT2G43020/AT3G61890/AT5G13820/AT2G01830/AT1G02730/AT3G52450/AT2G34500/AT3G05740/AT5G63850/AT4G28680/AT1G74100/AT5G47100/AT3G08770/AT3G10060/AT3G23050/AT5G39610/AT2G42620/AT5G65020/AT5G50720/AT1G54160/AT1G16060/AT5G25610/AT3G09940/AT5G20830,54
down,GO:0009069,serine family amino acid metabolic process,38/1259,255/20876,2.2693335514256256e-7,2.1440155170001873e-5,1.8163018585469486e-5,AT3G26520/AT3G13110/AT3G53420/AT4G23670/AT3G26450/AT1G62380/AT3G23810/AT3G14310/AT4G38970/AT1G31330/AT1G67740/AT5G13120/AT3G47470/AT2G22330/AT2G30520/AT2G05520/AT3G45140/AT5G23820/AT1G31812/AT1G17745/AT1G54780/AT1G06680/AT1G12090/AT5G15230/AT4G27440/AT2G24270/AT5G18690/AT5G66570/AT4G38770/AT4G10340/AT5G64040/AT2G23610/AT2G35940/AT3G01690/AT1G44575/AT1G55260/AT3G04940/AT3G11280,38
down,GO:0009962,regulation of flavonoid biosynthetic process,24/1259,122/20876,2.4174945928120504e-7,2.1440155170001873e-5,1.8163018585469486e-5,AT1G13260/AT3G48100/AT1G28570/AT5G13180/AT5G04930/AT1G32640/AT5G46780/AT3G01860/AT1G10470/AT5G20700/AT3G56240/AT5G17220/AT1G17745/AT1G56650/AT5G40450/AT3G23000/AT3G19010/AT4G13660/AT2G23610/AT2G35940/AT5G20900/AT2G30930/AT3G21240/AT1G61660,24
down,GO:0006576,cellular biogenic amine metabolic process,27/1259,157/20876,7.503306376298609e-7,6.26305396939278e-5,5.305743580020441e-5,AT5G60890/AT3G13110/AT1G08930/AT2G46330/AT2G44490/AT3G14310/AT4G34710/AT1G56430/AT1G32640/AT2G36830/AT5G46790/AT2G22330/AT2G05520/AT3G56240/AT4G38620/AT1G09240/AT5G05590/AT1G17745/AT1G52200/AT1G31710/AT3G54640/AT2G06050/AT2G43020/AT1G74100/AT4G30530/AT1G66200/AT4G12060,27
down,GO:0019725,cellular homeostasis,42/1259,317/20876,1.3695468098937403e-6,1.0796594017995653e-4,9.146330157302056e-5,AT3G26520/AT3G21710/AT1G16880/AT3G61460/AT3G53420/AT2G44490/AT2G32270/AT5G40890/AT1G67030/AT5G62290/AT1G25560/AT1G29280/AT5G48000/AT3G47470/AT4G25090/AT2G26690/AT3G45140/AT3G56240/AT1G66970/AT4G34120/AT2G17420/AT1G52200/AT5G15230/AT5G20630/AT3G23000/AT3G19010/AT5G06300/AT5G66570/AT4G13660/AT4G30170/AT1G77330/AT1G66200/AT4G29130/AT5G44610/AT2G34830/AT1G68880/AT2G47160/AT4G19690/AT5G63590/AT4G35460/AT4G04770/AT5G24800,42
down,GO:0044272,sulfur compound biosynthetic process,56/1259,479/20876,1.597598851737723e-6,1.1931540897978048e-4,1.0107799937310139e-4,AT3G26520/AT5G60890/AT3G13110/AT3G53420/AT4G23670/AT2G44490/AT3G26450/AT1G62380/AT3G23810/AT1G32640/AT3G24120/AT4G38970/AT1G31330/AT1G67740/AT5G46790/AT5G13120/AT3G47470/AT1G62570/AT2G22330/AT2G30520/AT2G24280/AT2G43000/AT2G05520/AT1G70280/AT3G45140/AT5G57220/AT3G01120/AT1G31812/AT1G54780/AT4G37800/AT1G06680/AT4G29680/AT1G12090/AT5G15230/AT4G27440/AT2G24270/AT4G34950/AT4G01850/AT5G18690/AT5G66570/AT4G38770/AT4G10340/AT5G64040/AT4G18480/AT1G74100/AT5G61420/AT2G23610/AT2G35940/AT3G28080/AT3G01690/AT1G44575/AT1G55260/AT3G04940/AT2G30930/AT2G04160/AT3G11280,56
down,GO:0044106,cellular amine metabolic process,27/1259,167/20876,2.5820641138817977e-6,1.8319744887991356e-4,1.5519564305542174e-4,AT5G60890/AT3G13110/AT1G08930/AT2G46330/AT2G44490/AT3G14310/AT4G34710/AT1G56430/AT1G32640/AT2G36830/AT5G46790/AT2G22330/AT2G05520/AT3G56240/AT4G38620/AT1G09240/AT5G05590/AT1G17745/AT1G52200/AT1G31710/AT3G54640/AT2G06050/AT2G43020/AT1G74100/AT4G30530/AT1G66200/AT4G12060,27
down,GO:0006568,tryptophan metabolic process,19/1259,96/20876,3.85818658220506e-6,2.4885303455222637e-4,2.1081574530517608e-4,AT5G60890/AT3G13110/AT1G08930/AT2G46330/AT2G44490/AT3G14310/AT1G32640/AT5G46790/AT2G22330/AT2G05520/AT5G05590/AT1G17745/AT1G52200/AT1G31710/AT3G54640/AT2G06050/AT1G74100/AT4G30530/AT4G12060,19
down,GO:0006586,indolalkylamine metabolic process,19/1259,96/20876,3.85818658220506e-6,2.4885303455222637e-4,2.1081574530517608e-4,AT5G60890/AT3G13110/AT1G08930/AT2G46330/AT2G44490/AT3G14310/AT1G32640/AT5G46790/AT2G22330/AT2G05520/AT5G05590/AT1G17745/AT1G52200/AT1G31710/AT3G54640/AT2G06050/AT1G74100/AT4G30530/AT4G12060,19
down,GO:0009812,flavonoid metabolic process,34/1259,244/20876,4.480911443288613e-6,2.7106144500410633e-4,2.2962959103496863e-4,AT1G13260/AT3G48100/AT5G47990/AT1G28570/AT5G13180/AT5G04930/AT1G32640/AT5G46780/AT3G01860/AT1G10470/AT5G20700/AT2G43000/AT3G56240/AT1G09530/AT3G21510/AT5G17220/AT1G17745/AT1G56650/AT5G40450/AT1G04220/AT3G23000/AT3G19010/AT2G01830/AT4G13660/AT2G23610/AT2G35940/AT2G36790/AT5G20900/AT2G30930/AT4G26530/AT3G21240/AT1G61660/AT4G16330/AT5G63590,34
down,GO:0034754,cellular hormone metabolic process,27/1259,172/20876,4.584548752712158e-6,2.7106144500410633e-4,2.2962959103496863e-4,AT3G13110/AT3G25730/AT1G08930/AT2G46330/AT2G44490/AT3G14310/AT3G44310/AT5G46790/AT4G37940/AT2G22330/AT2G05520/AT1G17745/AT1G52200/AT1G31710/AT3G54640/AT2G06050/AT1G67110/AT5G60710/AT4G29740/AT1G74100/AT4G30530/AT3G10870/AT5G38450/AT4G14580/AT1G20700/AT4G12060/AT3G63440,27
down,GO:0009741,response to brassinosteroid,21/1259,116/20876,5.404329965940974e-6,3.0674976886680967e-4,2.598629398359829e-4,AT3G61460/AT1G13260/AT5G13180/AT1G67050/AT2G44080/AT5G11070/AT1G19220/AT1G04240/AT4G02330/AT4G14550/AT1G74660/AT5G06300/AT5G54380/AT4G30610/AT3G05800/AT5G57340/AT5G39860/AT4G37295/AT5G43890/AT1G19850/AT1G71930,21
down,GO:0009310,amine catabolic process,21/1259,117/20876,6.217389118869579e-6,3.2675833924725677e-4,2.7681319195902766e-4,AT3G13110/AT1G08930/AT2G46330/AT2G44490/AT3G14310/AT2G36830/AT5G46790/AT2G22330/AT2G05520/AT3G56240/AT4G38620/AT1G17745/AT1G52200/AT1G31710/AT3G54640/AT2G06050/AT2G43020/AT1G74100/AT4G30530/AT1G66200/AT4G12060,21
down,GO:0042402,cellular biogenic amine catabolic process,21/1259,117/20876,6.217389118869579e-6,3.2675833924725677e-4,2.7681319195902766e-4,AT3G13110/AT1G08930/AT2G46330/AT2G44490/AT3G14310/AT2G36830/AT5G46790/AT2G22330/AT2G05520/AT3G56240/AT4G38620/AT1G17745/AT1G52200/AT1G31710/AT3G54640/AT2G06050/AT2G43020/AT1G74100/AT4G30530/AT1G66200/AT4G12060,21
down,GO:0045088,regulation of innate immune response,49/1259,419/20876,7.011013810808611e-6,3.544503623840054e-4,3.002724779070022e-4,AT1G13260/AT3G48100/AT5G14740/AT3G48090/AT1G28570/AT5G13180/AT2G44490/AT1G28480/AT4G34710/AT5G04930/AT1G32640/AT3G57130/AT4G02380/AT4G09650/AT5G46780/AT3G01860/AT2G22330/AT1G10470/AT5G20700/AT3G22160/AT2G35930/AT3G52430/AT3G56240/AT3G49350/AT1G17745/AT2G22540/AT1G06680/AT5G40450/AT3G54640/AT2G46370/AT3G23000/AT3G19010/AT5G66570/AT2G25000/AT1G33600/AT3G05800/AT2G20570/AT2G23610/AT2G35940/AT2G41370/AT2G37940/AT5G64120/AT5G20900/AT2G30930/AT1G28190/AT1G61660/AT3G49120/AT5G15730/AT4G08500,49
down,GO:0043067,regulation of programmed cell death,47/1259,396/20876,7.243876327791514e-6,3.544503623840054e-4,3.002724779070022e-4,AT1G13260/AT3G48100/AT5G14740/AT3G48090/AT1G28570/AT5G13180/AT2G44490/AT1G28480/AT4G34710/AT5G04930/AT1G32640/AT4G02380/AT4G09650/AT5G46780/AT3G01860/AT1G10470/AT5G20700/AT3G22160/AT2G35930/AT3G52430/AT3G56240/AT3G49350/AT1G17745/AT2G22540/AT1G06680/AT5G40450/AT3G54640/AT4G20870/AT3G23000/AT3G19010/AT5G66570/AT2G25000/AT1G33600/AT3G05800/AT2G20570/AT2G23610/AT2G35940/AT2G37940/AT5G64120/AT5G20900/AT2G30930/AT5G64530/AT1G28190/AT1G61660/AT5G15730/AT2G31170/AT4G08500,47
down,GO:0009736,cytokinin-activated signaling pathway,17/1259,83/20876,7.611999974988985e-6,3.6004759881697897e-4,3.0501417443640075e-4,AT3G48100/AT1G67030/AT1G10470/AT3G04280/AT3G21510/AT3G16360/AT5G62920/AT3G57040/AT5G43700/AT3G59940/AT1G74660/AT4G29720/AT2G01830/AT3G62670/AT1G74890/AT4G19690/AT2G25810,17
down,GO:0050776,regulation of immune response,49/1259,421/20876,7.987171662431238e-6,3.656063415803202e-4,3.097232610694898e-4,AT1G13260/AT3G48100/AT5G14740/AT3G48090/AT1G28570/AT5G13180/AT2G44490/AT1G28480/AT4G34710/AT5G04930/AT1G32640/AT3G57130/AT4G02380/AT4G09650/AT5G46780/AT3G01860/AT2G22330/AT1G10470/AT5G20700/AT3G22160/AT2G35930/AT3G52430/AT3G56240/AT3G49350/AT1G17745/AT2G22540/AT1G06680/AT5G40450/AT3G54640/AT2G46370/AT3G23000/AT3G19010/AT5G66570/AT2G25000/AT1G33600/AT3G05800/AT2G20570/AT2G23610/AT2G35940/AT2G41370/AT2G37940/AT5G64120/AT5G20900/AT2G30930/AT1G28190/AT1G61660/AT3G49120/AT5G15730/AT4G08500,49
down,GO:0071368,cellular response to cytokinin stimulus,17/1259,84/20876,9.013132380696308e-6,3.996760890065019e-4,3.385854335116837e-4,AT3G48100/AT1G67030/AT1G10470/AT3G04280/AT3G21510/AT3G16360/AT5G62920/AT3G57040/AT5G43700/AT3G59940/AT1G74660/AT4G29720/AT2G01830/AT3G62670/AT1G74890/AT4G19690/AT2G25810,17
down,GO:0002682,regulation of immune system process,49/1259,424/20876,9.689510699129082e-6,4.0733542869376955e-4,3.4507403996015347e-4,AT1G13260/AT3G48100/AT5G14740/AT3G48090/AT1G28570/AT5G13180/AT2G44490/AT1G28480/AT4G34710/AT5G04930/AT1G32640/AT3G57130/AT4G02380/AT4G09650/AT5G46780/AT3G01860/AT2G22330/AT1G10470/AT5G20700/AT3G22160/AT2G35930/AT3G52430/AT3G56240/AT3G49350/AT1G17745/AT2G22540/AT1G06680/AT5G40450/AT3G54640/AT2G46370/AT3G23000/AT3G19010/AT5G66570/AT2G25000/AT1G33600/AT3G05800/AT2G20570/AT2G23610/AT2G35940/AT2G41370/AT2G37940/AT5G64120/AT5G20900/AT2G30930/AT1G28190/AT1G61660/AT3G49120/AT5G15730/AT4G08500,49
down,GO:0070838,divalent metal ion transport,30/1259,210/20876,9.759975035650575e-6,4.0733542869376955e-4,3.4507403996015347e-4,AT3G26520/AT1G16880/AT3G61460/AT3G53420/AT2G44490/AT2G32270/AT5G40890/AT3G23810/AT2G36830/AT1G25560/AT3G47470/AT2G30520/AT5G20700/AT2G26690/AT3G45140/AT3G56240/AT1G31812/AT1G52200/AT2G19110/AT5G20630/AT3G23000/AT2G28950/AT3G19010/AT5G66570/AT4G12880/AT3G24160/AT2G29410/AT1G66200/AT4G19690/AT1G12240,30
down,GO:0000097,sulfur amino acid biosynthetic process,38/1259,298/20876,1.0568745047591458e-5,4.2848712064377944e-4,3.6299268704810365e-4,AT3G26520/AT3G13110/AT3G53420/AT4G23670/AT3G26450/AT1G62380/AT3G23810/AT3G24120/AT4G38970/AT1G31330/AT1G67740/AT5G13120/AT3G47470/AT2G22330/AT2G30520/AT2G05520/AT1G70280/AT3G01120/AT1G31812/AT1G54780/AT1G06680/AT4G29680/AT1G12090/AT5G15230/AT4G27440/AT2G24270/AT5G18690/AT5G66570/AT4G38770/AT4G10340/AT5G64040/AT2G23610/AT2G35940/AT3G01690/AT1G44575/AT1G55260/AT3G04940/AT3G11280,38
down,GO:0072511,divalent inorganic cation transport,30/1259,212/20876,1.1796002447654164e-5,4.6495909647836824e-4,3.938899062930133e-4,AT3G26520/AT1G16880/AT3G61460/AT3G53420/AT2G44490/AT2G32270/AT5G40890/AT3G23810/AT2G36830/AT1G25560/AT3G47470/AT2G30520/AT5G20700/AT2G26690/AT3G45140/AT3G56240/AT1G31812/AT1G52200/AT2G19110/AT5G20630/AT3G23000/AT2G28950/AT3G19010/AT5G66570/AT4G12880/AT3G24160/AT2G29410/AT1G66200/AT4G19690/AT1G12240,30
down,GO:0010941,regulation of cell death,47/1259,404/20876,1.2296865823433186e-5,4.716014217149106e-4,3.995169493701479e-4,AT1G13260/AT3G48100/AT5G14740/AT3G48090/AT1G28570/AT5G13180/AT2G44490/AT1G28480/AT4G34710/AT5G04930/AT1G32640/AT4G02380/AT4G09650/AT5G46780/AT3G01860/AT1G10470/AT5G20700/AT3G22160/AT2G35930/AT3G52430/AT3G56240/AT3G49350/AT1G17745/AT2G22540/AT1G06680/AT5G40450/AT3G54640/AT4G20870/AT3G23000/AT3G19010/AT5G66570/AT2G25000/AT1G33600/AT3G05800/AT2G20570/AT2G23610/AT2G35940/AT2G37940/AT5G64120/AT5G20900/AT2G30930/AT5G64530/AT1G28190/AT1G61660/AT5G15730/AT2G31170/AT4G08500,47
down,GO:0071396,cellular response to lipid,45/1259,381/20876,1.2753483734763166e-5,4.7624193209549825e-4,4.0344815581993176e-4,AT5G65310/AT5G03280/AT5G53160/AT4G21440/AT1G17750/AT1G62380/AT1G28480/AT4G34710/AT1G32640/AT1G67030/AT2G44080/AT2G36830/AT4G02380/AT3G28340/AT2G27310/AT5G46790/AT3G21780/AT3G07310/AT4G36540/AT3G52430/AT1G09530/AT2G24850/AT3G57040/AT1G15550/AT5G15230/AT2G06050/AT5G54380/AT4G30610/AT3G05800/AT2G03440/AT2G20180/AT1G74100/AT3G55620/AT5G39610/AT3G01530/AT1G28190/AT4G39500/AT3G08030/AT1G54160/AT1G12240/AT3G44460/AT3G09940/AT5G27320/AT2G40180/AT4G08500,45
down,GO:1901607,alpha-amino acid biosynthetic process,45/1259,382/20876,1.3633042490762436e-5,4.960330075485102e-4,4.2021415720514715e-4,AT3G26520/AT5G60890/AT3G13110/AT3G30775/AT3G53420/AT4G23670/AT3G26450/AT1G62380/AT3G23810/AT3G24120/AT4G38970/AT1G31330/AT1G67740/AT5G13120/AT3G47470/AT2G22330/AT2G30520/AT2G43000/AT2G05520/AT1G70280/AT3G01120/AT5G05590/AT1G31812/AT1G17745/AT1G54780/AT1G06680/AT4G29680/AT1G12090/AT5G15230/AT3G54640/AT4G27440/AT2G24270/AT5G18690/AT5G66570/AT4G38770/AT4G10340/AT5G64040/AT2G23610/AT2G35940/AT3G01690/AT1G44575/AT1G55260/AT3G04940/AT1G31860/AT3G11280,45
down,GO:0010363,regulation of plant-type hypersensitive response,44/1259,371/20876,1.4306698182754068e-5,5.075301180332006e-4,4.299539295975039e-4,AT1G13260/AT3G48100/AT5G14740/AT3G48090/AT1G28570/AT5G13180/AT2G44490/AT1G28480/AT4G34710/AT5G04930/AT1G32640/AT4G02380/AT4G09650/AT5G46780/AT3G01860/AT1G10470/AT5G20700/AT3G22160/AT2G35930/AT3G52430/AT3G56240/AT3G49350/AT1G17745/AT2G22540/AT1G06680/AT5G40450/AT3G54640/AT3G23000/AT3G19010/AT5G66570/AT2G25000/AT1G33600/AT3G05800/AT2G20570/AT2G23610/AT2G35940/AT2G37940/AT5G64120/AT5G20900/AT2G30930/AT1G28190/AT1G61660/AT5G15730/AT4G08500,44
down,GO:0042435,indole-containing compound biosynthetic process,22/1259,133/20876,1.4697793887592389e-5,5.086870616217951e-4,4.3093403388011573e-4,AT5G60890/AT3G13110/AT1G08930/AT2G46330/AT2G44490/AT3G14310/AT1G32640/AT3G44310/AT5G46790/AT2G22330/AT2G43000/AT2G05520/AT5G57220/AT5G05590/AT1G17745/AT1G52200/AT1G31710/AT3G54640/AT2G06050/AT1G74100/AT4G30530/AT4G12060,22
down,GO:0042592,homeostatic process,52/1259,468/20876,1.5805886650282077e-5,5.24464392571968e-4,4.4429979326967656e-4,AT3G26520/AT3G21710/AT1G16880/AT3G61460/AT3G53420/AT1G64170/AT2G44490/AT2G32270/AT5G40890/AT1G67030/AT5G62290/AT1G25560/AT1G29280/AT5G48000/AT3G47470/AT4G25090/AT2G26690/AT3G45140/AT3G56240/AT1G58340/AT1G66970/AT4G34120/AT5G51720/AT2G17420/AT1G52200/AT5G15230/AT5G05690/AT2G19110/AT5G20630/AT3G23000/AT3G19010/AT5G13820/AT5G06300/AT2G01830/AT5G66570/AT4G13660/AT4G30170/AT1G28130/AT1G77330/AT1G66200/AT4G29130/AT5G44610/AT2G34830/AT1G68880/AT2G47160/AT5G38970/AT4G19690/AT5G63590/AT4G35460/AT4G04770/AT5G24800/AT1G47570,52
down,GO:0006569,tryptophan catabolic process,16/1259,79/20876,1.62624617851773e-5,5.24464392571968e-4,4.4429979326967656e-4,AT3G13110/AT1G08930/AT2G46330/AT2G44490/AT3G14310/AT5G46790/AT2G22330/AT2G05520/AT1G17745/AT1G52200/AT1G31710/AT3G54640/AT2G06050/AT1G74100/AT4G30530/AT4G12060,16
down,GO:0046218,indolalkylamine catabolic process,16/1259,79/20876,1.62624617851773e-5,5.24464392571968e-4,4.4429979326967656e-4,AT3G13110/AT1G08930/AT2G46330/AT2G44490/AT3G14310/AT5G46790/AT2G22330/AT2G05520/AT1G17745/AT1G52200/AT1G31710/AT3G54640/AT2G06050/AT1G74100/AT4G30530/AT4G12060,16
down,GO:0006612,protein targeting to membrane,44/1259,374/20876,1.748643545513245e-5,5.5140559801851e-4,4.6712302432190084e-4,AT1G13260/AT3G48100/AT5G14740/AT3G48090/AT1G28570/AT5G13180/AT2G44490/AT1G28480/AT4G34710/AT5G04930/AT1G32640/AT4G02380/AT4G09650/AT5G46780/AT3G01860/AT1G10470/AT5G20700/AT3G22160/AT2G35930/AT3G52430/AT3G56240/AT3G49350/AT1G17745/AT2G22540/AT1G06680/AT5G40450/AT3G54640/AT3G23000/AT3G19010/AT5G66570/AT2G25000/AT1G33600/AT3G05800/AT2G20570/AT2G23610/AT2G35940/AT2G37940/AT5G64120/AT5G20900/AT2G30930/AT1G28190/AT1G61660/AT5G15730/AT4G08500,44
down,GO:0009813,flavonoid biosynthetic process,30/1259,217/20876,1.869266682354687e-5,5.698620069397644e-4,4.82758363506703e-4,AT1G13260/AT3G48100/AT1G28570/AT5G13180/AT5G04930/AT1G32640/AT5G46780/AT3G01860/AT1G10470/AT5G20700/AT2G43000/AT3G56240/AT5G17220/AT1G17745/AT1G56650/AT5G40450/AT1G04220/AT3G23000/AT3G19010/AT4G13660/AT2G23610/AT2G35940/AT2G36790/AT5G20900/AT2G30930/AT4G26530/AT3G21240/AT1G61660/AT4G16330/AT5G63590,30
down,GO:0048878,chemical homeostasis,45/1259,387/20876,1.8930998087674636e-5,5.698620069397644e-4,4.82758363506703e-4,AT3G26520/AT3G21710/AT1G16880/AT3G61460/AT3G53420/AT1G64170/AT2G44490/AT2G32270/AT5G40890/AT1G67030/AT1G25560/AT1G29280/AT5G48000/AT3G47470/AT4G25090/AT2G26690/AT3G45140/AT3G56240/AT1G58340/AT1G66970/AT5G51720/AT1G52200/AT5G05690/AT2G19110/AT5G20630/AT3G23000/AT3G19010/AT5G06300/AT2G01830/AT5G66570/AT4G13660/AT4G30170/AT1G28130/AT1G77330/AT1G66200/AT4G29130/AT5G44610/AT2G34830/AT1G68880/AT2G47160/AT5G38970/AT4G19690/AT5G63590/AT4G04770/AT5G24800,45
down,GO:0008219,cell death,54/1259,496/20876,1.942889189802196e-5,5.698620069397644e-4,4.82758363506703e-4,AT5G03280/AT1G13260/AT3G48100/AT5G14740/AT3G48090/AT1G28570/AT5G13180/AT2G44490/AT1G28480/AT4G34710/AT5G04930/AT1G32640/AT4G02380/AT5G44790/AT4G09650/AT5G46780/AT3G01860/AT1G10470/AT5G20700/AT3G22160/AT2G35930/AT3G52430/AT3G56240/AT3G49350/AT1G17745/AT2G22540/AT1G06680/AT5G40450/AT3G54640/AT4G20870/AT3G23000/AT3G19010/AT5G66570/AT2G25000/AT1G33600/AT3G05800/AT2G20570/AT2G23610/AT2G35940/AT2G37940/AT5G64120/AT5G20900/AT2G30930/AT5G64530/AT4G29130/AT1G28190/AT5G43470/AT5G06960/AT1G61660/AT2G17430/AT1G26630/AT5G15730/AT2G31170/AT4G08500,54
down,GO:0012501,programmed cell death,50/1259,448/20876,2.032358806004498e-5,5.698620069397644e-4,4.82758363506703e-4,AT1G13260/AT3G48100/AT5G14740/AT3G48090/AT1G28570/AT5G13180/AT2G44490/AT1G28480/AT4G34710/AT5G04930/AT1G32640/AT4G02380/AT4G09650/AT5G46780/AT3G01860/AT1G10470/AT5G20700/AT3G22160/AT2G35930/AT3G52430/AT3G56240/AT3G49350/AT1G17745/AT2G22540/AT1G06680/AT5G40450/AT3G54640/AT4G20870/AT3G23000/AT3G19010/AT5G66570/AT2G25000/AT1G33600/AT3G05800/AT2G20570/AT2G23610/AT2G35940/AT2G37940/AT5G64120/AT5G20900/AT2G30930/AT5G64530/AT4G29130/AT1G28190/AT5G43470/AT1G61660/AT1G26630/AT5G15730/AT2G31170/AT4G08500,50
down,GO:0009733,response to auxin,48/1259,424/20876,2.0468145519654782e-5,5.698620069397644e-4,4.82758363506703e-4,AT5G03310/AT4G21440/AT1G28480/AT4G34710/AT2G21210/AT1G75590/AT5G10510/AT1G75580/AT5G63190/AT1G19220/AT1G04240/AT4G38840/AT2G24850/AT1G29510/AT1G56650/AT3G28860/AT1G09540/AT5G43700/AT2G06050/AT3G16500/AT4G14550/AT2G46370/AT4G12550/AT1G74660/AT5G06300/AT4G34800/AT1G28130/AT2G31180/AT2G38120/AT3G01220/AT1G74100/AT2G35940/AT4G37295/AT3G53250/AT3G23050/AT5G39610/AT4G34810/AT5G18080/AT1G19850/AT5G06960/AT2G04160/AT2G36210/AT3G63300/AT4G36800/AT4G19690/AT3G09940/AT4G32280/AT1G48410,48
down,GO:0009723,response to ethylene,42/1259,353/20876,2.0578628112882573e-5,5.698620069397644e-4,4.82758363506703e-4,AT5G03280/AT4G21440/AT1G17750/AT1G62380/AT1G28480/AT4G34710/AT1G25560/AT5G44790/AT2G25490/AT2G27310/AT3G21780/AT1G19220/AT5G38900/AT2G43000/AT2G33710/AT2G05520/AT5G57220/AT3G46590/AT2G24850/AT1G56650/AT5G54190/AT2G06050/AT4G27440/AT3G23240/AT1G72360/AT1G64710/AT2G31180/AT2G38120/AT1G74100/AT2G35940/AT2G37940/AT5G39610/AT2G29410/AT1G28190/AT3G23150/AT5G06960/AT2G28160/AT1G06160/AT4G19690/AT3G09940/AT1G26380/AT5G27320,42
down,GO:0072657,protein localization to membrane,44/1259,377/20876,2.1305091706832656e-5,5.698620069397644e-4,4.82758363506703e-4,AT1G13260/AT3G48100/AT5G14740/AT3G48090/AT1G28570/AT5G13180/AT2G44490/AT1G28480/AT4G34710/AT5G04930/AT1G32640/AT4G02380/AT4G09650/AT5G46780/AT3G01860/AT1G10470/AT5G20700/AT3G22160/AT2G35930/AT3G52430/AT3G56240/AT3G49350/AT1G17745/AT2G22540/AT1G06680/AT5G40450/AT3G54640/AT3G23000/AT3G19010/AT5G66570/AT2G25000/AT1G33600/AT3G05800/AT2G20570/AT2G23610/AT2G35940/AT2G37940/AT5G64120/AT5G20900/AT2G30930/AT1G28190/AT1G61660/AT5G15730/AT4G08500,44
down,GO:0090150,establishment of protein localization to membrane,44/1259,377/20876,2.1305091706832656e-5,5.698620069397644e-4,4.82758363506703e-4,AT1G13260/AT3G48100/AT5G14740/AT3G48090/AT1G28570/AT5G13180/AT2G44490/AT1G28480/AT4G34710/AT5G04930/AT1G32640/AT4G02380/AT4G09650/AT5G46780/AT3G01860/AT1G10470/AT5G20700/AT3G22160/AT2G35930/AT3G52430/AT3G56240/AT3G49350/AT1G17745/AT2G22540/AT1G06680/AT5G40450/AT3G54640/AT3G23000/AT3G19010/AT5G66570/AT2G25000/AT1G33600/AT3G05800/AT2G20570/AT2G23610/AT2G35940/AT2G37940/AT5G64120/AT5G20900/AT2G30930/AT1G28190/AT1G61660/AT5G15730/AT4G08500,44
down,GO:0034050,host programmed cell death induced by symbiont,46/1259,401/20876,2.16860806023589e-5,5.698620069397644e-4,4.82758363506703e-4,AT1G13260/AT3G48100/AT5G14740/AT3G48090/AT1G28570/AT5G13180/AT2G44490/AT1G28480/AT4G34710/AT5G04930/AT1G32640/AT4G02380/AT4G09650/AT5G46780/AT3G01860/AT1G10470/AT5G20700/AT3G22160/AT2G35930/AT3G52430/AT3G56240/AT3G49350/AT1G17745/AT2G22540/AT1G06680/AT5G40450/AT3G54640/AT3G23000/AT3G19010/AT5G66570/AT2G25000/AT1G33600/AT3G05800/AT2G20570/AT2G23610/AT2G35940/AT2G37940/AT5G64120/AT5G20900/AT2G30930/AT1G28190/AT5G43470/AT1G61660/AT1G26630/AT5G15730/AT4G08500,46
down,GO:0042436,indole-containing compound catabolic process,16/1259,81/20876,2.260561079259768e-5,5.832247584490202e-4,4.940786129214651e-4,AT3G13110/AT1G08930/AT2G46330/AT2G44490/AT3G14310/AT5G46790/AT2G22330/AT2G05520/AT1G17745/AT1G52200/AT1G31710/AT3G54640/AT2G06050/AT1G74100/AT4G30530/AT4G12060,16
down,GO:0042430,indole-containing compound metabolic process,23/1259,147/20876,2.40153926042535e-5,6.085328947399235e-4,5.155183901138627e-4,AT5G60890/AT3G13110/AT1G08930/AT2G46330/AT2G44490/AT3G14310/AT1G32640/AT3G44310/AT5G46790/AT2G22330/AT2G43000/AT2G05520/AT5G57220/AT5G05590/AT1G17745/AT1G52200/AT1G31710/AT3G54640/AT2G06050/AT1G74100/AT4G30530/AT3G10870/AT4G12060,23
down,GO:0055082,cellular chemical homeostasis,37/1259,300/20876,2.8831633069916238e-5,7.177559180037042e-4,6.080466291014654e-4,AT3G26520/AT3G21710/AT1G16880/AT3G61460/AT3G53420/AT2G44490/AT2G32270/AT5G40890/AT1G67030/AT1G25560/AT1G29280/AT5G48000/AT3G47470/AT4G25090/AT2G26690/AT3G45140/AT3G56240/AT1G66970/AT1G52200/AT5G20630/AT3G23000/AT3G19010/AT5G06300/AT5G66570/AT4G13660/AT4G30170/AT1G77330/AT1G66200/AT4G29130/AT5G44610/AT2G34830/AT1G68880/AT2G47160/AT4G19690/AT5G63590/AT4G04770/AT5G24800,37
down,GO:0009074,aromatic amino acid family catabolic process,16/1259,83/20876,3.1050251070622235e-5,7.596604529174647e-4,6.435460385236043e-4,AT3G13110/AT1G08930/AT2G46330/AT2G44490/AT3G14310/AT5G46790/AT2G22330/AT2G05520/AT1G17745/AT1G52200/AT1G31710/AT3G54640/AT2G06050/AT1G74100/AT4G30530/AT4G12060,16
down,GO:0080135,regulation of cellular response to stress,44/1259,385/20876,3.553600717191986e-5,8.546710877449877e-4,7.240342585251111e-4,AT1G13260/AT3G48100/AT5G14740/AT3G48090/AT1G28570/AT5G13180/AT2G44490/AT1G28480/AT4G34710/AT5G04930/AT1G32640/AT4G02380/AT4G09650/AT5G46780/AT3G01860/AT1G10470/AT5G20700/AT3G22160/AT2G35930/AT3G52430/AT3G56240/AT3G49350/AT1G17745/AT2G22540/AT1G06680/AT5G40450/AT3G54640/AT3G23000/AT3G19010/AT5G66570/AT2G25000/AT1G33600/AT3G05800/AT2G20570/AT2G23610/AT2G35940/AT2G37940/AT5G64120/AT5G20900/AT2G30930/AT1G28190/AT1G61660/AT5G15730/AT4G08500,44
down,GO:0009626,plant-type hypersensitive response,45/1259,400/20876,4.2758600588155204e-5,0.0010112409039098704,8.566723135381272e-4,AT1G13260/AT3G48100/AT5G14740/AT3G48090/AT1G28570/AT5G13180/AT2G44490/AT1G28480/AT4G34710/AT5G04930/AT1G32640/AT4G02380/AT4G09650/AT5G46780/AT3G01860/AT1G10470/AT5G20700/AT3G22160/AT2G35930/AT3G52430/AT3G56240/AT3G49350/AT1G17745/AT2G22540/AT1G06680/AT5G40450/AT3G54640/AT3G23000/AT3G19010/AT5G66570/AT2G25000/AT1G33600/AT3G05800/AT2G20570/AT2G23610/AT2G35940/AT2G37940/AT5G64120/AT5G20900/AT2G30930/AT1G28190/AT5G43470/AT1G61660/AT5G15730/AT4G08500,45
down,GO:0055080,cation homeostasis,38/1259,319/20876,4.8757309668168055e-5,0.0011342069249037781,9.60842927369248e-4,AT3G26520/AT3G21710/AT1G16880/AT3G61460/AT3G53420/AT1G64170/AT2G44490/AT2G32270/AT5G40890/AT1G67030/AT1G25560/AT1G29280/AT5G48000/AT3G47470/AT4G25090/AT2G26690/AT3G45140/AT3G56240/AT1G58340/AT5G51720/AT1G52200/AT2G19110/AT5G20630/AT3G23000/AT3G19010/AT5G06300/AT5G66570/AT4G13660/AT4G30170/AT1G77330/AT1G66200/AT5G44610/AT2G34830/AT1G68880/AT2G47160/AT4G19690/AT5G63590/AT4G04770,38
down,GO:0009269,response to desiccation,10/1259,38/20876,6.135208696250316e-5,0.0014041711516095481,0.001189543010376547,AT3G53420/AT1G32640/AT3G25760/AT2G36830/AT1G20450/AT2G05520/AT3G45140/AT3G23050/AT5G50720/AT5G25610,10
down,GO:0000096,sulfur amino acid metabolic process,39/1259,337/20876,7.371426875355136e-5,0.001660326148591895,0.0014065446101345974,AT3G26520/AT3G13110/AT3G53420/AT4G23670/AT3G26450/AT1G62380/AT3G23810/AT3G24120/AT4G38970/AT1G31330/AT1G67740/AT5G13120/AT3G47470/AT2G22330/AT2G30520/AT2G05520/AT1G70280/AT3G45140/AT3G01120/AT1G31812/AT1G54780/AT1G06680/AT4G29680/AT1G12090/AT5G15230/AT4G27440/AT2G24270/AT5G18690/AT5G66570/AT4G38770/AT4G10340/AT5G64040/AT2G23610/AT2G35940/AT3G01690/AT1G44575/AT1G55260/AT3G04940/AT3G11280,39
down,GO:0006873,cellular ion homeostasis,35/1259,291/20876,7.840681301334337e-5,0.001726753323826807,0.0014628183641632088,AT3G26520/AT3G21710/AT1G16880/AT3G61460/AT3G53420/AT2G44490/AT2G32270/AT5G40890/AT1G67030/AT1G25560/AT1G29280/AT5G48000/AT3G47470/AT4G25090/AT2G26690/AT3G45140/AT3G56240/AT1G66970/AT1G52200/AT5G20630/AT3G23000/AT3G19010/AT5G06300/AT5G66570/AT4G13660/AT4G30170/AT1G77330/AT1G66200/AT5G44610/AT2G34830/AT1G68880/AT2G47160/AT4G19690/AT5G63590/AT4G04770,35
down,GO:0010583,response to cyclopentenone,22/1259,148/20876,7.909722765943795e-5,0.001726753323826807,0.0014628183641632088,AT1G68620/AT3G43800/AT5G14730/AT1G19220/AT1G04240/AT3G09270/AT3G28740/AT5G43700/AT4G14550/AT1G74660/AT1G02730/AT1G30700/AT2G34500/AT5G66690/AT1G17190/AT3G15720/AT4G37295/AT3G26470/AT2G38240/AT2G41380/AT4G32280/AT4G17800,22
down,GO:0030003,cellular cation homeostasis,34/1259,282/20876,9.395064352348123e-5,0.002019938835754846,0.0017111903493431508,AT3G26520/AT3G21710/AT1G16880/AT3G61460/AT3G53420/AT2G44490/AT2G32270/AT5G40890/AT1G67030/AT1G25560/AT1G29280/AT5G48000/AT3G47470/AT4G25090/AT2G26690/AT3G45140/AT3G56240/AT1G52200/AT5G20630/AT3G23000/AT3G19010/AT5G06300/AT5G66570/AT4G13660/AT4G30170/AT1G77330/AT1G66200/AT5G44610/AT2G34830/AT1G68880/AT2G47160/AT4G19690/AT5G63590/AT4G04770,34
down,GO:0009683,indoleacetic acid metabolic process,18/1259,110/20876,9.894506223628314e-5,0.0020955678106460564,0.001775259404145096,AT3G13110/AT1G08930/AT2G46330/AT2G44490/AT3G14310/AT3G44310/AT5G46790/AT2G22330/AT2G05520/AT1G17745/AT1G52200/AT1G31710/AT3G54640/AT2G06050/AT1G74100/AT4G30530/AT3G10870/AT4G12060,18
down,GO:0006826,iron ion transport,19/1259,120/20876,1.012153499631999e-4,0.0021121261999673627,0.0017892868368107478,AT3G21710/AT3G53420/AT2G32270/AT5G40890/AT1G67030/AT1G29280/AT5G48000/AT4G25090/AT5G06300/AT4G13660/AT4G30170/AT1G77330/AT5G44610/AT2G34830/AT1G68880/AT2G28160/AT2G47160/AT4G19690/AT5G63590,19
down,GO:0050801,ion homeostasis,39/1259,343/20876,1.0772037383029242e-4,0.0022152929052925356,0.001876684468561311,AT3G26520/AT3G21710/AT1G16880/AT3G61460/AT3G53420/AT1G64170/AT2G44490/AT2G32270/AT5G40890/AT1G67030/AT1G25560/AT1G29280/AT5G48000/AT3G47470/AT4G25090/AT2G26690/AT3G45140/AT3G56240/AT1G58340/AT1G66970/AT5G51720/AT1G52200/AT2G19110/AT5G20630/AT3G23000/AT3G19010/AT5G06300/AT5G66570/AT4G13660/AT4G30170/AT1G77330/AT1G66200/AT5G44610/AT2G34830/AT1G68880/AT2G47160/AT4G19690/AT5G63590/AT4G04770,39
down,GO:0055072,iron ion homeostasis,21/1259,141/20876,1.107403959181007e-4,0.0022448660258254987,0.0019017373253905417,AT3G21710/AT3G53420/AT2G32270/AT5G40890/AT1G67030/AT1G29280/AT5G48000/AT4G25090/AT1G58340/AT5G51720/AT5G06300/AT4G13660/AT4G30170/AT1G77330/AT5G44610/AT2G34830/AT1G68880/AT2G47160/AT4G19690/AT5G63590/AT4G04770,21
down,GO:0008652,cellular amino acid biosynthetic process,48/1259,454/20876,1.1336923244222955e-4,0.0022657878990918834,0.0019194612816757029,AT3G26520/AT5G60890/AT3G13110/AT3G30775/AT3G53420/AT4G23670/AT3G26450/AT1G62380/AT3G23810/AT3G24120/AT4G38970/AT1G31330/AT1G67740/AT5G13120/AT3G47470/AT3G12930/AT2G22330/AT2G30520/AT2G43000/AT2G05520/AT1G70280/AT3G45140/AT3G01120/AT5G05590/AT1G31812/AT1G17745/AT1G54780/AT1G06680/AT4G29680/AT1G12090/AT5G15230/AT3G54640/AT4G27440/AT2G24270/AT5G18690/AT5G66570/AT4G38770/AT4G10340/AT5G64040/AT2G25830/AT2G23610/AT2G35940/AT3G01690/AT1G44575/AT1G55260/AT3G04940/AT1G31860/AT3G11280,48
down,GO:0009867,jasmonic acid mediated signaling pathway,34/1259,286/20876,1.2382673323025904e-4,0.002406988143201885,0.002039079010078671,AT5G14740/AT3G48090/AT2G44490/AT1G28480/AT4G34710/AT1G32640/AT2G34810/AT3G57130/AT4G02380/AT4G09650/AT2G35930/AT3G52430/AT1G70700/AT2G24850/AT2G22540/AT1G06680/AT3G54640/AT2G06050/AT3G23240/AT2G46370/AT5G66570/AT2G25000/AT1G33600/AT3G05800/AT2G20570/AT2G41370/AT5G20900/AT5G64810/AT3G17860/AT3G01530/AT1G28190/AT3G09940/AT5G27320/AT4G08500,34
down,GO:0071395,cellular response to jasmonic acid stimulus,34/1259,286/20876,1.2382673323025904e-4,0.002406988143201885,0.002039079010078671,AT5G14740/AT3G48090/AT2G44490/AT1G28480/AT4G34710/AT1G32640/AT2G34810/AT3G57130/AT4G02380/AT4G09650/AT2G35930/AT3G52430/AT1G70700/AT2G24850/AT2G22540/AT1G06680/AT3G54640/AT2G06050/AT3G23240/AT2G46370/AT5G66570/AT2G25000/AT1G33600/AT3G05800/AT2G20570/AT2G41370/AT5G20900/AT5G64810/AT3G17860/AT3G01530/AT1G28190/AT3G09940/AT5G27320/AT4G08500,34
down,GO:0009850,auxin metabolic process,21/1259,143/20876,1.358075340820174e-4,0.0026042012278700366,0.0022061479931957876,AT3G13110/AT1G08930/AT2G46330/AT2G44490/AT3G14310/AT3G44310/AT5G46790/AT2G22330/AT2G05520/AT1G17745/AT1G52200/AT1G31710/AT3G54640/AT2G06050/AT1G74100/AT4G30530/AT3G10870/AT5G43890/AT4G13260/AT4G12060/AT1G48410,21
down,GO:0009851,auxin biosynthetic process,19/1259,124/20876,1.580308714113805e-4,0.0029899440871033194,0.0025329298968673197,AT3G13110/AT1G08930/AT2G46330/AT2G44490/AT3G14310/AT3G44310/AT5G46790/AT2G22330/AT2G05520/AT1G17745/AT1G52200/AT1G31710/AT3G54640/AT2G06050/AT1G74100/AT4G30530/AT5G43890/AT4G13260/AT4G12060,19
down,GO:0042742,defense response to bacterium,43/1259,402/20876,1.9558670502935072e-4,0.003650658523852282,0.003092653858713925,AT3G26520/AT1G16880/AT5G03280/AT4G37460/AT5G14740/AT3G30775/AT3G48090/AT4G23670/AT2G44490/AT1G17750/AT1G28480/AT3G14310/AT5G56030/AT3G57130/AT4G09650/AT2G22330/AT1G20980/AT2G35930/AT3G52430/AT4G38840/AT5G57220/AT5G17880/AT1G17745/AT1G06680/AT3G14420/AT2G45220/AT3G54640/AT2G37220/AT5G20630/AT2G46370/AT2G01830/AT5G66570/AT2G25000/AT1G55020/AT1G74100/AT5G61420/AT2G41370/AT3G54560/AT5G64810/AT1G35680/AT1G31580/AT1G26630/AT3G49120,43
down,GO:0010106,cellular response to iron ion starvation,18/1259,116/20876,1.980977493563254e-4,0.003650658523852282,0.003092653858713925,AT3G21710/AT3G53420/AT2G32270/AT5G40890/AT1G67030/AT1G29280/AT5G48000/AT4G25090/AT5G06300/AT4G13660/AT4G30170/AT1G77330/AT5G44610/AT2G34830/AT1G68880/AT2G47160/AT4G19690/AT5G63590,18
down,GO:0006879,cellular iron ion homeostasis,19/1259,127/20876,2.174142598555288e-4,0.00391705714071626,0.0033183333368183433,AT3G21710/AT3G53420/AT2G32270/AT5G40890/AT1G67030/AT1G29280/AT5G48000/AT4G25090/AT5G06300/AT4G13660/AT4G30170/AT1G77330/AT5G44610/AT2G34830/AT1G68880/AT2G47160/AT4G19690/AT5G63590/AT4G04770,19
down,GO:0009682,induced systemic resistance,7/1259,22/20876,2.1807435808075015e-4,0.00391705714071626,0.0033183333368183433,AT2G44490/AT3G57130/AT2G22330/AT5G57220/AT2G46370/AT5G61420/AT2G41370,7
down,GO:0009684,indoleacetic acid biosynthetic process,17/1259,109/20876,2.7706632175770915e-4,0.004914463882177366,0.004163286045359261,AT3G13110/AT1G08930/AT2G46330/AT2G44490/AT3G14310/AT3G44310/AT5G46790/AT2G22330/AT2G05520/AT1G17745/AT1G52200/AT1G31710/AT3G54640/AT2G06050/AT1G74100/AT4G30530/AT4G12060,17
down,GO:0031667,response to nutrient levels,37/1259,335/20876,2.8521993877808616e-4,0.0049156484051163865,0.00416428951347718,AT3G21710/AT5G60890/AT2G16430/AT3G48090/AT3G53420/AT1G13300/AT3G44320/AT2G32270/AT5G40890/AT1G67030/AT4G02380/AT1G29280/AT5G48000/AT3G55880/AT4G25090/AT1G66270/AT4G31240/AT1G22500/AT3G16500/AT5G06300/AT4G21830/AT2G01830/AT4G13660/AT4G30170/AT2G34500/AT5G61420/AT3G08860/AT1G77330/AT5G44610/AT2G34830/AT1G68880/AT1G54160/AT2G47160/AT4G19690/AT5G63590/AT5G03545/AT4G08500,37
down,GO:0048764,trichoblast maturation,36/1259,323/20876,2.8752559381582806e-4,0.0049156484051163865,0.00416428951347718,AT3G26520/AT5G03280/AT5G47990/AT3G53420/AT2G32270/AT5G48000/AT1G19220/AT4G30320/AT1G62990/AT4G30200/AT3G07330/AT5G64340/AT4G22212/AT3G28860/AT1G66470/AT1G12090/AT5G64300/AT5G05690/AT2G45420/AT4G01060/AT4G12550/AT4G28890/AT5G42580/AT5G12430/AT5G64330/AT5G17330/AT2G38120/AT1G47480/AT3G23050/AT5G44610/AT1G19850/AT5G60690/AT4G19690/AT3G01730/AT1G71930/AT1G48410,36
down,GO:0048765,root hair cell differentiation,36/1259,323/20876,2.8752559381582806e-4,0.0049156484051163865,0.00416428951347718,AT3G26520/AT5G03280/AT5G47990/AT3G53420/AT2G32270/AT5G48000/AT1G19220/AT4G30320/AT1G62990/AT4G30200/AT3G07330/AT5G64340/AT4G22212/AT3G28860/AT1G66470/AT1G12090/AT5G64300/AT5G05690/AT2G45420/AT4G01060/AT4G12550/AT4G28890/AT5G42580/AT5G12430/AT5G64330/AT5G17330/AT2G38120/AT1G47480/AT3G23050/AT5G44610/AT1G19850/AT5G60690/AT4G19690/AT3G01730/AT1G71930/AT1G48410,36
down,GO:0048469,cell maturation,36/1259,324/20876,3.051661471376232e-4,0.005094592552211323,0.004315881973684456,AT3G26520/AT5G03280/AT5G47990/AT3G53420/AT2G32270/AT5G48000/AT1G19220/AT4G30320/AT1G62990/AT4G30200/AT3G07330/AT5G64340/AT4G22212/AT3G28860/AT1G66470/AT1G12090/AT5G64300/AT5G05690/AT2G45420/AT4G01060/AT4G12550/AT4G28890/AT5G42580/AT5G12430/AT5G64330/AT5G17330/AT2G38120/AT1G47480/AT3G23050/AT5G44610/AT1G19850/AT5G60690/AT4G19690/AT3G01730/AT1G71930/AT1G48410,36
down,GO:0009991,response to extracellular stimulus,40/1259,373/20876,3.0517291538968456e-4,0.005094592552211323,0.004315881973684456,AT3G21710/AT5G60890/AT2G16430/AT5G57660/AT3G48090/AT3G53420/AT1G13300/AT3G44320/AT2G32270/AT5G40890/AT1G67030/AT4G02380/AT1G29280/AT5G48000/AT3G55880/AT4G25090/AT1G66270/AT4G31240/AT1G22500/AT3G16500/AT5G06300/AT4G21830/AT2G01830/AT4G13660/AT4G30170/AT2G34500/AT3G05740/AT5G61420/AT3G08860/AT3G10060/AT1G77330/AT5G44610/AT2G34830/AT1G68880/AT1G54160/AT2G47160/AT4G19690/AT5G63590/AT5G03545/AT4G08500,40
down,GO:0034284,response to monosaccharide,23/1259,174/20876,3.2916418522555056e-4,0.005380379263802247,0.004557986068218662,AT3G26520/AT1G16880/AT3G53420/AT4G23670/AT3G26450/AT5G20250/AT1G60010/AT5G63190/AT5G20700/AT1G78680/AT1G22500/AT3G23000/AT1G30900/AT2G01830/AT2G23610/AT3G61060/AT5G37600/AT1G66200/AT4G29130/AT1G15380/AT5G20830/AT1G09780/AT5G24800,23
down,GO:0009072,aromatic amino acid family metabolic process,29/1259,242/20876,3.298752614170511e-4,0.005380379263802247,0.004557986068218662,AT5G60890/AT3G13110/AT1G08930/AT2G46330/AT2G44490/AT5G25770/AT3G14310/AT1G32640/AT4G38970/AT5G46790/AT3G12930/AT2G22330/AT2G05520/AT3G45140/AT2G17500/AT5G05590/AT1G17745/AT1G52200/AT1G31710/AT3G54640/AT2G06050/AT4G27440/AT2G25830/AT1G74100/AT4G30530/AT2G43820/AT1G31860/AT4G12060/AT5G64250,29
down,GO:0055076,transition metal ion homeostasis,23/1259,176/20876,3.886093531664364e-4,0.006266325819808787,0.005308515326747254,AT3G21710/AT3G53420/AT2G32270/AT5G40890/AT1G67030/AT1G29280/AT5G48000/AT4G25090/AT3G56240/AT1G58340/AT5G51720/AT2G19110/AT5G06300/AT4G13660/AT4G30170/AT1G77330/AT5G44610/AT2G34830/AT1G68880/AT2G47160/AT4G19690/AT5G63590/AT4G04770,23
down,GO:0044550,secondary metabolite biosynthetic process,35/1259,317/20876,4.134348504196307e-4,0.006591730929724224,0.005584182131037473,AT5G60890/AT3G13110/AT2G44490/AT1G55210/AT1G62380/AT1G32640/AT5G46790/AT4G36640/AT1G62570/AT2G22330/AT2G24280/AT2G43000/AT2G05520/AT3G56240/AT1G78680/AT5G57220/AT4G38620/AT1G54780/AT4G37800/AT1G58170/AT1G04220/AT1G31710/AT4G34950/AT4G13660/AT5G63560/AT4G18480/AT1G74100/AT5G61420/AT3G28080/AT4G00040/AT2G30930/AT1G66800/AT3G21240/AT2G04160/AT3G44540,35
down,GO:0009739,response to gibberellin,22/1259,166/20876,4.233253962119481e-4,0.006674430413608381,0.00565424096460871,AT1G67030/AT2G36830/AT3G07310/AT4G36540/AT2G18420/AT5G50915/AT1G09530/AT3G46590/AT3G57040/AT1G15550/AT5G15230/AT1G74660/AT2G37640/AT2G20180/AT5G61420/AT3G01530/AT4G39500/AT5G44610/AT3G08030/AT1G12240/AT3G11280/AT5G27320,22
down,GO:0071370,cellular response to gibberellin stimulus,14/1259,85/20876,5.310567943766846e-4,0.008280984518906763,0.007015232610505192,AT1G67030/AT2G36830/AT3G07310/AT4G36540/AT1G09530/AT3G57040/AT1G15550/AT5G15230/AT2G20180/AT3G01530/AT4G39500/AT3G08030/AT1G12240/AT5G27320,14
down,GO:0048527,lateral root development,18/1259,126/20876,5.579245152429143e-4,0.008605379207931472,0.007290043437155701,AT1G13260/AT5G47990/AT5G48000/AT1G19220/AT1G04240/AT3G28860/AT4G14550/AT2G45420/AT4G12550/AT4G28890/AT5G42580/AT5G47040/AT1G55020/AT2G38120/AT1G19850/AT2G04160/AT4G19690/AT5G64770,18
down,GO:0009746,response to hexose,22/1259,170/20876,5.890512183217511e-4,0.008987781492457686,0.007613995374345668,AT3G26520/AT1G16880/AT3G53420/AT4G23670/AT3G26450/AT5G20250/AT1G60010/AT5G63190/AT5G20700/AT1G78680/AT3G23000/AT1G30900/AT2G01830/AT2G23610/AT3G61060/AT5G37600/AT1G66200/AT4G29130/AT1G15380/AT5G20830/AT1G09780/AT5G24800,22
down,GO:0000160,phosphorelay signal transduction system,19/1259,138/20876,6.335483566904088e-4,0.009563884235571172,0.008102040574921018,AT5G03280/AT1G17750/AT1G25560/AT5G44790/AT2G25490/AT2G27310/AT3G04280/AT3G21510/AT3G16360/AT5G62920/AT3G23240/AT1G72360/AT2G01830/AT1G64710/AT2G35940/AT5G39610/AT3G23150/AT5G06960/AT1G06160,19
down,GO:1901606,alpha-amino acid catabolic process,21/1259,160/20876,6.441952228443557e-4,0.009622242328590954,0.008151478609288136,AT3G13110/AT3G30775/AT1G08930/AT2G46330/AT2G44490/AT3G14310/AT3G04520/AT4G38970/AT5G46790/AT2G22330/AT2G05520/AT3G45140/AT5G23820/AT1G17745/AT1G52200/AT1G31710/AT3G54640/AT2G06050/AT1G74100/AT4G30530/AT4G12060,21
down,GO:0009698,phenylpropanoid metabolic process,23/1259,183/20876,6.770716861206396e-4,0.009906728800922209,0.008392481206671241,AT1G55210/AT1G62380/AT2G36830/AT4G36640/AT1G66270/AT3G56240/AT1G78680/AT4G38620/AT1G58170/AT1G04220/AT1G31710/AT3G59940/AT4G13660/AT5G63560/AT5G66690/AT1G20500/AT5G64120/AT4G00040/AT1G66200/AT1G66800/AT3G21240/AT3G44540/AT1G20480,23
down,GO:0009638,phototropism,5/1259,13/20876,6.772041534104682e-4,0.009906728800922209,0.008392481206671241,AT1G09570/AT2G30520/AT1G14280/AT5G04190/AT5G64330,5
down,GO:0009063,cellular amino acid catabolic process,21/1259,161/20876,6.99656793978324e-4,0.010130744802604506,0.008582256269852265,AT3G13110/AT3G30775/AT1G08930/AT2G46330/AT2G44490/AT3G14310/AT3G04520/AT4G38970/AT5G46790/AT2G22330/AT2G05520/AT3G45140/AT5G23820/AT1G17745/AT1G52200/AT1G31710/AT3G54640/AT2G06050/AT1G74100/AT4G30530/AT4G12060,21
down,GO:0010054,trichoblast differentiation,37/1259,354/20876,8.148625948142633e-4,0.011623017504413594,0.009846434472045047,AT3G26520/AT5G03280/AT5G47990/AT3G53420/AT2G32270/AT5G48000/AT1G19220/AT4G30320/AT1G62990/AT4G30200/AT3G07330/AT5G64340/AT4G22212/AT3G28860/AT1G66470/AT1G12090/AT5G64300/AT5G05690/AT2G45420/AT4G01060/AT4G12550/AT4G28890/AT5G42580/AT5G12430/AT5G64330/AT5G17330/AT2G38120/AT1G47480/AT3G23050/AT5G44610/AT1G19850/AT5G60690/AT4G19690/AT3G01730/AT5G35190/AT1G71930/AT1G48410,37
down,GO:0006833,water transport,19/1259,141/20876,8.272901817799669e-4,0.011623017504413594,0.009846434472045047,AT3G26520/AT1G47128/AT1G16880/AT2G37170/AT3G53420/AT4G23670/AT3G26450/AT2G32270/AT1G62380/AT2G36830/AT1G60010/AT5G20700/AT1G78680/AT3G23000/AT2G23610/AT4G02080/AT1G66200/AT4G29130/AT4G19690,19
down,GO:0042044,fluid transport,19/1259,141/20876,8.272901817799669e-4,0.011623017504413594,0.009846434472045047,AT3G26520/AT1G47128/AT1G16880/AT2G37170/AT3G53420/AT4G23670/AT3G26450/AT2G32270/AT1G62380/AT2G36830/AT1G60010/AT5G20700/AT1G78680/AT3G23000/AT2G23610/AT4G02080/AT1G66200/AT4G29130/AT4G19690,19
down,GO:0009267,cellular response to starvation,32/1259,294/20876,9.106946057579736e-4,0.012669369074221221,0.01073285077167808,AT3G21710/AT5G60890/AT2G16430/AT3G53420/AT1G13300/AT3G44320/AT2G32270/AT5G40890/AT1G67030/AT4G02380/AT1G29280/AT5G48000/AT3G55880/AT4G25090/AT1G66270/AT4G31240/AT3G16500/AT5G06300/AT2G01830/AT4G13660/AT4G30170/AT2G34500/AT5G61420/AT1G77330/AT5G44610/AT2G34830/AT1G68880/AT1G54160/AT2G47160/AT4G19690/AT5G63590/AT5G03545,32
down,GO:0007568,aging,20/1259,154/20876,9.790262230489836e-4,0.01335805971640873,0.0113162747643921,AT5G03280/AT5G13180/AT5G25770/AT5G20250/AT3G29035/AT3G45600/AT3G52430/AT2G43000/AT3G56240/AT5G51720/AT3G12090/AT5G13820/AT3G48140/AT2G23810/AT3G08860/AT5G37600/AT5G39610/AT2G42620/AT5G44610/AT1G20900,20
down,GO:0046916,cellular transition metal ion homeostasis,20/1259,154/20876,9.790262230489836e-4,0.01335805971640873,0.0113162747643921,AT3G21710/AT3G53420/AT2G32270/AT5G40890/AT1G67030/AT1G29280/AT5G48000/AT4G25090/AT3G56240/AT5G06300/AT4G13660/AT4G30170/AT1G77330/AT5G44610/AT2G34830/AT1G68880/AT2G47160/AT4G19690/AT5G63590/AT4G04770,20
down,GO:0042447,hormone catabolic process,5/1259,14/20876,0.0010013263488094731,0.013532210371053737,0.011463806419452816,AT1G02400/AT4G29740/AT1G47990/AT3G63440/AT1G78440,5
down,GO:0009750,response to fructose,19/1259,144/20876,0.001069822174122308,0.014321487406410897,0.012132442133541964,AT3G26520/AT1G16880/AT3G53420/AT4G23670/AT3G26450/AT5G20250/AT1G60010/AT5G63190/AT5G20700/AT1G78680/AT3G23000/AT1G30900/AT2G01830/AT2G23610/AT3G61060/AT5G37600/AT1G66200/AT1G15380/AT1G09780,19
down,GO:0072593,reactive oxygen species metabolic process,38/1259,374/20876,0.0011809224234448426,0.015660180998256012,0.013266515856242993,AT3G26520/AT1G47128/AT5G14740/AT3G48090/AT2G44490/AT1G28480/AT4G09650/AT2G35930/AT3G52430/AT4G30200/AT4G34120/AT5G51720/AT2G22540/AT1G56650/AT1G06680/AT3G14420/AT3G54640/AT5G15120/AT2G46370/AT2G28200/AT5G13820/AT5G66570/AT2G25000/AT1G33600/AT3G05800/AT5G12430/AT5G07800/AT4G16190/AT2G20570/AT5G24320/AT5G59160/AT1G66200/AT1G48030/AT3G49220/AT3G09940/AT3G49120/AT5G20830/AT3G52880,38
down,GO:0009740,gibberellic acid mediated signaling pathway,13/1259,82/20876,0.001196439441063686,0.015660180998256012,0.013266515856242993,AT1G67030/AT2G36830/AT3G07310/AT4G36540/AT1G09530/AT3G57040/AT1G15550/AT5G15230/AT2G20180/AT3G01530/AT4G39500/AT3G08030/AT5G27320,13
down,GO:0031668,cellular response to extracellular stimulus,36/1259,349/20876,0.0012029314508878826,0.015660180998256012,0.013266515856242993,AT3G21710/AT5G60890/AT2G16430/AT5G57660/AT3G53420/AT1G13300/AT3G44320/AT2G32270/AT5G40890/AT1G67030/AT4G02380/AT1G29280/AT5G48000/AT3G55880/AT4G25090/AT1G66270/AT4G31240/AT3G16500/AT5G06300/AT2G01830/AT4G13660/AT4G30170/AT2G34500/AT3G05740/AT5G61420/AT3G08860/AT3G10060/AT1G77330/AT5G44610/AT2G34830/AT1G68880/AT1G54160/AT2G47160/AT4G19690/AT5G63590/AT5G03545,36
down,GO:0031669,cellular response to nutrient levels,33/1259,312/20876,0.0012440180345185334,0.01604783264528908,0.013594914788709715,AT3G21710/AT5G60890/AT2G16430/AT3G53420/AT1G13300/AT3G44320/AT2G32270/AT5G40890/AT1G67030/AT4G02380/AT1G29280/AT5G48000/AT3G55880/AT4G25090/AT1G66270/AT4G31240/AT3G16500/AT5G06300/AT2G01830/AT4G13660/AT4G30170/AT2G34500/AT5G61420/AT3G08860/AT1G77330/AT5G44610/AT2G34830/AT1G68880/AT1G54160/AT2G47160/AT4G19690/AT5G63590/AT5G03545,33
down,GO:0071496,cellular response to external stimulus,36/1259,350/20876,0.001265182426445572,0.01617381858672312,0.013701643726892775,AT3G21710/AT5G60890/AT2G16430/AT5G57660/AT3G53420/AT1G13300/AT3G44320/AT2G32270/AT5G40890/AT1G67030/AT4G02380/AT1G29280/AT5G48000/AT3G55880/AT4G25090/AT1G66270/AT4G31240/AT3G16500/AT5G06300/AT2G01830/AT4G13660/AT4G30170/AT2G34500/AT3G05740/AT5G61420/AT3G08860/AT3G10060/AT1G77330/AT5G44610/AT2G34830/AT1G68880/AT1G54160/AT2G47160/AT4G19690/AT5G63590/AT5G03545,36
down,GO:0010476,gibberellin mediated signaling pathway,13/1259,83/20876,0.0013418311231322858,0.017000521104684942,0.014401984423092769,AT1G67030/AT2G36830/AT3G07310/AT4G36540/AT1G09530/AT3G57040/AT1G15550/AT5G15230/AT2G20180/AT3G01530/AT4G39500/AT3G08030/AT5G27320,13
down,GO:0010053,root epidermal cell differentiation,37/1259,365/20876,0.0014173528428624426,0.017186090931324862,0.014559189824986461,AT3G26520/AT5G03280/AT5G47990/AT3G53420/AT2G32270/AT5G48000/AT1G19220/AT4G30320/AT1G62990/AT4G30200/AT3G07330/AT5G64340/AT4G22212/AT3G28860/AT1G66470/AT1G12090/AT5G64300/AT5G05690/AT2G45420/AT4G01060/AT4G12550/AT4G28890/AT5G42580/AT5G12430/AT5G64330/AT5G17330/AT2G38120/AT1G47480/AT3G23050/AT5G44610/AT1G19850/AT5G60690/AT4G19690/AT3G01730/AT5G35190/AT1G71930/AT1G48410,37
down,GO:0035556,intracellular signal transduction,47/1259,495/20876,0.0014184682298406296,0.017186090931324862,0.014559189824986461,AT5G03280/AT5G14740/AT3G48090/AT2G44490/AT1G17750/AT1G28480/AT5G56030/AT4G02380/AT1G25560/AT5G44790/AT3G28340/AT2G25490/AT2G27310/AT4G30960/AT4G09650/AT2G35930/AT3G52430/AT2G33710/AT3G04280/AT3G21510/AT3G16360/AT3G03950/AT2G22540/AT5G62920/AT1G06680/AT3G54640/AT3G23240/AT1G72360/AT2G01830/AT5G66570/AT2G25000/AT1G33600/AT1G64710/AT3G05800/AT2G20570/AT1G02900/AT3G55270/AT3G17510/AT2G35940/AT5G47100/AT5G39610/AT1G28190/AT3G23150/AT5G06960/AT1G06160/AT2G40180/AT4G08500,47
down,GO:0042594,response to starvation,32/1259,302/20876,0.001419570543045316,0.017186090931324862,0.014559189824986461,AT3G21710/AT5G60890/AT2G16430/AT3G53420/AT1G13300/AT3G44320/AT2G32270/AT5G40890/AT1G67030/AT4G02380/AT1G29280/AT5G48000/AT3G55880/AT4G25090/AT1G66270/AT4G31240/AT3G16500/AT5G06300/AT2G01830/AT4G13660/AT4G30170/AT2G34500/AT5G61420/AT1G77330/AT5G44610/AT2G34830/AT1G68880/AT1G54160/AT2G47160/AT4G19690/AT5G63590/AT5G03545,32
down,GO:0016143,S-glycoside metabolic process,24/1259,205/20876,0.0014291463917521733,0.017186090931324862,0.014559189824986461,AT5G60890/AT3G13110/AT2G44490/AT3G44320/AT1G32640/AT4G38970/AT2G43910/AT5G46790/AT4G09650/AT1G62570/AT2G22330/AT2G24280/AT2G05520/AT5G57220/AT1G54780/AT4G37800/AT4G34950/AT4G18480/AT1G74100/AT5G61420/AT3G28080/AT4G30530/AT2G30930/AT2G04160,24
down,GO:0019757,glycosinolate metabolic process,24/1259,205/20876,0.0014291463917521733,0.017186090931324862,0.014559189824986461,AT5G60890/AT3G13110/AT2G44490/AT3G44320/AT1G32640/AT4G38970/AT2G43910/AT5G46790/AT4G09650/AT1G62570/AT2G22330/AT2G24280/AT2G05520/AT5G57220/AT1G54780/AT4G37800/AT4G34950/AT4G18480/AT1G74100/AT5G61420/AT3G28080/AT4G30530/AT2G30930/AT2G04160,24
down,GO:0019760,glucosinolate metabolic process,24/1259,205/20876,0.0014291463917521733,0.017186090931324862,0.014559189824986461,AT5G60890/AT3G13110/AT2G44490/AT3G44320/AT1G32640/AT4G38970/AT2G43910/AT5G46790/AT4G09650/AT1G62570/AT2G22330/AT2G24280/AT2G05520/AT5G57220/AT1G54780/AT4G37800/AT4G34950/AT4G18480/AT1G74100/AT5G61420/AT3G28080/AT4G30530/AT2G30930/AT2G04160,24
down,GO:0009694,jasmonic acid metabolic process,20/1259,160/20876,0.001571509111150439,0.018739255703550194,0.015874952719449813,AT5G40460/AT5G57150/AT1G28480/AT4G34710/AT1G32640/AT2G34810/AT3G25760/AT4G38970/AT2G22330/AT4G10390/AT1G70700/AT3G45140/AT2G24850/AT2G06050/AT2G46370/AT1G55020/AT1G70480/AT3G17860/AT3G09940/AT4G08500,20
down,GO:0048528,post-embryonic root development,18/1259,138/20876,0.001631141924931206,0.01928825326231151,0.016340035774310858,AT1G13260/AT5G47990/AT5G48000/AT1G19220/AT1G04240/AT3G28860/AT4G14550/AT2G45420/AT4G12550/AT4G28890/AT5G42580/AT5G47040/AT1G55020/AT2G38120/AT1G19850/AT2G04160/AT4G19690/AT5G64770,18
down,GO:0052482,defense response by cell wall thickening,5/1259,16/20876,0.001974445651760258,0.0229650686872771,0.019454848440985464,AT5G03280/AT2G44490/AT2G22330/AT5G57220/AT3G54640,5
down,GO:0052544,defense response by callose deposition in cell wall,5/1259,16/20876,0.001974445651760258,0.0229650686872771,0.019454848440985464,AT5G03280/AT2G44490/AT2G22330/AT5G57220/AT3G54640,5
down,GO:0042743,hydrogen peroxide metabolic process,34/1259,334/20876,0.002017645676766005,0.023276741588056597,0.019718882009985266,AT3G26520/AT1G47128/AT5G14740/AT3G48090/AT2G44490/AT1G28480/AT4G09650/AT2G35930/AT3G52430/AT4G30200/AT4G34120/AT2G22540/AT1G06680/AT3G14420/AT3G54640/AT5G15120/AT2G28200/AT5G13820/AT5G66570/AT2G25000/AT1G33600/AT3G05800/AT5G12430/AT5G07800/AT4G16190/AT2G20570/AT5G24320/AT5G59160/AT1G66200/AT1G48030/AT3G49220/AT3G09940/AT5G20830/AT3G52880,34
down,GO:0003333,amino acid transmembrane transport,4/1259,10/20876,0.0020607098674714844,0.023402602923802834,0.019825505388511435,AT2G24762/AT5G24920/AT5G49630/AT5G57685,4
down,GO:0016054,organic acid catabolic process,38/1259,386/20876,0.00207803239492541,0.023402602923802834,0.019825505388511435,AT3G13110/AT3G30775/AT4G01610/AT1G08930/AT2G46330/AT2G22780/AT2G44490/AT1G23380/AT3G51090/AT3G14310/AT3G04520/AT4G38970/AT5G51760/AT1G02400/AT5G46790/AT3G21780/AT1G29400/AT2G22330/AT1G58030/AT2G05520/AT3G45140/AT4G15520/AT5G23820/AT3G09270/AT1G17745/AT1G52200/AT1G31710/AT3G54640/AT2G06050/AT1G47990/AT3G11580/AT1G74100/AT4G30530/AT1G03000/AT5G06250/AT3G51840/AT4G12060/AT1G78440,38
down,GO:0046395,carboxylic acid catabolic process,38/1259,386/20876,0.00207803239492541,0.023402602923802834,0.019825505388511435,AT3G13110/AT3G30775/AT4G01610/AT1G08930/AT2G46330/AT2G22780/AT2G44490/AT1G23380/AT3G51090/AT3G14310/AT3G04520/AT4G38970/AT5G51760/AT1G02400/AT5G46790/AT3G21780/AT1G29400/AT2G22330/AT1G58030/AT2G05520/AT3G45140/AT4G15520/AT5G23820/AT3G09270/AT1G17745/AT1G52200/AT1G31710/AT3G54640/AT2G06050/AT1G47990/AT3G11580/AT1G74100/AT4G30530/AT1G03000/AT5G06250/AT3G51840/AT4G12060/AT1G78440,38
down,GO:0090627,plant epidermal cell differentiation,37/1259,375/20876,0.0022710034285258396,0.025374439882505245,0.021495946252602646,AT3G26520/AT5G03280/AT5G47990/AT3G53420/AT2G32270/AT5G48000/AT1G19220/AT4G30320/AT1G62990/AT4G30200/AT3G07330/AT5G64340/AT4G22212/AT3G28860/AT1G66470/AT1G12090/AT5G64300/AT5G05690/AT2G45420/AT4G01060/AT4G12550/AT4G28890/AT5G42580/AT5G12430/AT5G64330/AT5G17330/AT2G38120/AT1G47480/AT3G23050/AT5G44610/AT1G19850/AT5G60690/AT4G19690/AT3G01730/AT5G35190/AT1G71930/AT1G48410,37
down,GO:0008300,isoprenoid catabolic process,4/1259,11/20876,0.0030844740501217256,0.03392921455133898,0.028743120075389726,AT1G02400/AT3G21780/AT1G47990/AT1G78440,4
down,GO:0016115,terpenoid catabolic process,4/1259,11/20876,0.0030844740501217256,0.03392921455133898,0.028743120075389726,AT1G02400/AT3G21780/AT1G47990/AT1G78440,4
down,GO:0015995,chlorophyll biosynthetic process,16/1259,125/20876,0.00348663771727069,0.03805799169851622,0.03224081192812249,AT2G21210/AT4G38970/AT4G09650/AT3G45140/AT1G32200/AT1G54780/AT5G54190/AT4G27440/AT5G44190/AT4G14890/AT2G20180/AT2G20570/AT4G18480/AT3G08030/AT4G30580/AT5G16440,16
down,GO:0010150,leaf senescence,11/1259,72/20876,0.003738466667831243,0.04018851667918586,0.03404568528439618,AT5G03280/AT5G13180/AT3G29035/AT3G52430/AT2G43000/AT5G51720/AT3G48140/AT5G37600/AT5G39610/AT5G44610/AT1G20900,11
down,GO:0090693,plant organ senescence,11/1259,72/20876,0.003738466667831243,0.04018851667918586,0.03404568528439618,AT5G03280/AT5G13180/AT3G29035/AT3G52430/AT2G43000/AT5G51720/AT3G48140/AT5G37600/AT5G39610/AT5G44610/AT1G20900,11
down,GO:0016999,antibiotic metabolic process,43/1259,470/20876,0.004348892195142747,0.046399082894041786,0.03930696388486757,AT3G26520/AT1G47128/AT5G14740/AT3G48090/AT2G44490/AT1G28480/AT4G09650/AT2G35930/AT3G52430/AT4G30200/AT3G49350/AT4G34120/AT2G24850/AT2G22540/AT1G06680/AT3G14420/AT3G54640/AT2G23600/AT5G15120/AT2G37220/AT2G28200/AT5G13820/AT1G30900/AT5G66570/AT2G25000/AT1G33600/AT3G05800/AT5G12430/AT5G07800/AT4G16190/AT2G20570/AT2G43820/AT5G24320/AT5G59160/AT1G66200/AT1G48030/AT3G49220/AT1G31580/AT3G09940/AT5G20830/AT5G36880/AT3G52880/AT4G08500,43
down,GO:0009861,jasmonic acid and ethylene-dependent systemic resistance,4/1259,12/20876,0.00440748011194465,0.04649567307993856,0.03938879022090415,AT5G03280/AT2G46370/AT1G74100/AT1G06160,4
down,GO:0010089,xylem development,12/1259,84/20876,0.004423478411410645,0.04649567307993856,0.03938879022090415,AT5G13180/AT5G10510/AT1G62990/AT1G09540/AT5G15120/AT2G45420/AT5G38020/AT1G73640/AT5G05940/AT5G64530/AT5G14510/AT1G71930,12
